#
# A fatal error has been detected by the Java Runtime Environment:
#
#  EXCEPTION_ACCESS_VIOLATION (0xc0000005) at pc=0x00007fff0c063020, pid=27608, tid=20284
#
# JRE version: OpenJDK Runtime Environment Temurin-17.0.12+7 (17.0.12+7) (build 17.0.12+7)
# Java VM: OpenJDK 64-Bit Server VM Temurin-17.0.12+7 (17.0.12+7, mixed mode, sharing, tiered, compressed oops, compressed class ptrs, g1 gc, windows-amd64)
# Problematic frame:
# C  [msvcp140.dll+0x13020]
#
# No core dump will be written. Minidumps are not enabled by default on client versions of Windows
#
# If you would like to submit a bug report, please visit:
#   https://github.com/adoptium/adoptium-support/issues
# The crash happened outside the Java Virtual Machine in native code.
# See problematic frame for where to report the bug.
#

---------------  S U M M A R Y ------------

Command Line: -Djava.library.path=C:\Users\6390\Documents\GitHub\FRC-Athena\athena-core\build\wpilib-test-natives\windows\x86-64\shared -Dorg.gradle.internal.worker.tmpdir=C:\Users\6390\Documents\GitHub\FRC-Athena\athena-core\build\tmp\test\work --add-opens=java.base/java.lang=ALL-UNNAMED -Xms512m -Xmx1g -Dfile.encoding=windows-1252 -Duser.country=US -Duser.language=en -Duser.variant -ea worker.org.gradle.process.internal.worker.GradleWorkerMain 'Gradle Test Executor 2'

Host: Intel(R) Core(TM) Ultra 7 155H, 22 cores, 15G,  Windows 11 , 64 bit Build 26100 (10.0.26100.8521)
Time: Tue Jun 30 14:52:49 2026 Pacific Daylight Time elapsed time: 1.204241 seconds (0d 0h 0m 1s)

---------------  T H R E A D  ---------------

Current thread (0x00000288e2bac4b0):  JavaThread "Test worker" [_thread_in_native, id=20284, stack(0x000000e1eca00000,0x000000e1ecb00000)]

Stack: [0x000000e1eca00000,0x000000e1ecb00000],  sp=0x000000e1ecafb1f0,  free space=1004k
Native frames: (J=compiled Java code, j=interpreted, Vv=VM code, C=native code)
C  [msvcp140.dll+0x13020]
C  [ntcore.dll+0x5dcb9]

Java frames: (J=compiled Java code, j=interpreted, Vv=VM code)
j  edu.wpi.first.networktables.NetworkTablesJNI.getDefaultInstance()I+0
j  edu.wpi.first.networktables.NetworkTableInstance.getDefault()Ledu/wpi/first/networktables/NetworkTableInstance;+10
j  ca.frc6390.athena.core.RobotNetworkTables.<init>()V+1
j  ca.frc6390.athena.core.localization.RobotLocalizationVisionFusionTest.cameraPoseAndEstimatedPoseTopicsArePublished()V+4
v  ~StubRoutines::call_stub
j  jdk.internal.reflect.NativeMethodAccessorImpl.invoke0(Ljava/lang/reflect/Method;Ljava/lang/Object;[Ljava/lang/Object;)Ljava/lang/Object;+0 java.base@17.0.12
j  jdk.internal.reflect.NativeMethodAccessorImpl.invoke(Ljava/lang/Object;[Ljava/lang/Object;)Ljava/lang/Object;+133 java.base@17.0.12
j  jdk.internal.reflect.DelegatingMethodAccessorImpl.invoke(Ljava/lang/Object;[Ljava/lang/Object;)Ljava/lang/Object;+6 java.base@17.0.12
j  java.lang.reflect.Method.invoke(Ljava/lang/Object;[Ljava/lang/Object;)Ljava/lang/Object;+59 java.base@17.0.12
j  org.junit.platform.commons.util.ReflectionUtils.invokeMethod(Ljava/lang/reflect/Method;Ljava/lang/Object;[Ljava/lang/Object;)Ljava/lang/Object;+42
j  org.junit.jupiter.engine.execution.MethodInvocation.proceed()Ljava/lang/Object;+16
j  org.junit.jupiter.engine.execution.InvocationInterceptorChain$ValidatingInvocation.proceed()Ljava/lang/Object;+8
j  org.junit.jupiter.engine.extension.TimeoutExtension.intercept(Lorg/junit/jupiter/api/extension/InvocationInterceptor$Invocation;Lorg/junit/jupiter/api/extension/ReflectiveInvocationContext;Lorg/junit/jupiter/api/extension/ExtensionContext;Lorg/junit/jupiter/engine/extension/TimeoutDuration;Lorg/junit/jupiter/engine/extension/TimeoutExtension$TimeoutProvider;)Ljava/lang/Object;+28
j  org.junit.jupiter.engine.extension.TimeoutExtension.interceptTestableMethod(Lorg/junit/jupiter/api/extension/InvocationInterceptor$Invocation;Lorg/junit/jupiter/api/extension/ReflectiveInvocationContext;Lorg/junit/jupiter/api/extension/ExtensionContext;Lorg/junit/jupiter/engine/extension/TimeoutExtension$TimeoutProvider;)Ljava/lang/Object;+31
j  org.junit.jupiter.engine.extension.TimeoutExtension.interceptTestMethod(Lorg/junit/jupiter/api/extension/InvocationInterceptor$Invocation;Lorg/junit/jupiter/api/extension/ReflectiveInvocationContext;Lorg/junit/jupiter/api/extension/ExtensionContext;)V+9
j  org.junit.jupiter.engine.descriptor.TestMethodTestDescriptor$$Lambda$197+0x000002888111a278.apply(Lorg/junit/jupiter/api/extension/InvocationInterceptor;Lorg/junit/jupiter/api/extension/InvocationInterceptor$Invocation;Lorg/junit/jupiter/api/extension/ReflectiveInvocationContext;Lorg/junit/jupiter/api/extension/ExtensionContext;)V+5
j  org.junit.jupiter.engine.execution.InterceptingExecutableInvoker$ReflectiveInterceptorCall.lambda$ofVoidMethod$0(Lorg/junit/jupiter/engine/execution/InterceptingExecutableInvoker$ReflectiveInterceptorCall$VoidMethodInterceptorCall;Lorg/junit/jupiter/api/extension/InvocationInterceptor;Lorg/junit/jupiter/api/extension/InvocationInterceptor$Invocation;Lorg/junit/jupiter/api/extension/ReflectiveInvocationContext;Lorg/junit/jupiter/api/extension/ExtensionContext;)Ljava/lang/Void;+6
j  org.junit.jupiter.engine.execution.InterceptingExecutableInvoker$ReflectiveInterceptorCall$$Lambda$198+0x000002888111a688.apply(Lorg/junit/jupiter/api/extension/InvocationInterceptor;Lorg/junit/jupiter/api/extension/InvocationInterceptor$Invocation;Lorg/junit/jupiter/api/extension/ReflectiveInvocationContext;Lorg/junit/jupiter/api/extension/ExtensionContext;)Ljava/lang/Object;+9
j  org.junit.jupiter.engine.execution.InterceptingExecutableInvoker.lambda$invoke$0(Lorg/junit/jupiter/engine/execution/InterceptingExecutableInvoker$ReflectiveInterceptorCall;Lorg/junit/jupiter/api/extension/ReflectiveInvocationContext;Lorg/junit/jupiter/api/extension/ExtensionContext;Lorg/junit/jupiter/api/extension/InvocationInterceptor;Lorg/junit/jupiter/api/extension/InvocationInterceptor$Invocation;)Ljava/lang/Object;+6
j  org.junit.jupiter.engine.execution.InterceptingExecutableInvoker$$Lambda$363+0x000002888114db38.apply(Lorg/junit/jupiter/api/extension/InvocationInterceptor;Lorg/junit/jupiter/api/extension/InvocationInterceptor$Invocation;)Ljava/lang/Object;+14
j  org.junit.jupiter.engine.execution.InvocationInterceptorChain$InterceptedInvocation.proceed()Ljava/lang/Object;+12
j  org.junit.jupiter.engine.execution.InvocationInterceptorChain.proceed(Lorg/junit/jupiter/api/extension/InvocationInterceptor$Invocation;)Ljava/lang/Object;+1
j  org.junit.jupiter.engine.execution.InvocationInterceptorChain.chainAndInvoke(Lorg/junit/jupiter/api/extension/InvocationInterceptor$Invocation;Lorg/junit/jupiter/engine/execution/InvocationInterceptorChain$InterceptorCall;Ljava/util/List;)Ljava/lang/Object;+24
j  org.junit.jupiter.engine.execution.InvocationInterceptorChain.invoke(Lorg/junit/jupiter/api/extension/InvocationInterceptor$Invocation;Lorg/junit/jupiter/engine/extension/ExtensionRegistry;Lorg/junit/jupiter/engine/execution/InvocationInterceptorChain$InterceptorCall;)Ljava/lang/Object;+31
j  org.junit.jupiter.engine.execution.InterceptingExecutableInvoker.invoke(Lorg/junit/jupiter/api/extension/InvocationInterceptor$Invocation;Lorg/junit/jupiter/api/extension/ReflectiveInvocationContext;Lorg/junit/jupiter/api/extension/ExtensionContext;Lorg/junit/jupiter/engine/extension/ExtensionRegistry;Lorg/junit/jupiter/engine/execution/InterceptingExecutableInvoker$ReflectiveInterceptorCall;)Ljava/lang/Object;+15
j  org.junit.jupiter.engine.execution.InterceptingExecutableInvoker.invoke(Ljava/lang/reflect/Method;Ljava/lang/Object;Lorg/junit/jupiter/api/extension/ExtensionContext;Lorg/junit/jupiter/engine/extension/ExtensionRegistry;Lorg/junit/jupiter/engine/execution/InterceptingExecutableInvoker$ReflectiveInterceptorCall;)Ljava/lang/Object;+55
j  org.junit.jupiter.engine.descriptor.TestMethodTestDescriptor.lambda$invokeTestMethod$7(Lorg/junit/jupiter/api/extension/ExtensionContext;Lorg/junit/jupiter/engine/execution/JupiterEngineExecutionContext;)V+28
j  org.junit.jupiter.engine.descriptor.TestMethodTestDescriptor$$Lambda$375+0x000002888114a000.execute()V+12
j  org.junit.platform.engine.support.hierarchical.ThrowableCollector.execute(Lorg/junit/platform/engine/support/hierarchical/ThrowableCollector$Executable;)V+1
j  org.junit.jupiter.engine.descriptor.TestMethodTestDescriptor.invokeTestMethod(Lorg/junit/jupiter/engine/execution/JupiterEngineExecutionContext;Lorg/junit/platform/engine/support/hierarchical/Node$DynamicTestExecutor;)V+21
j  org.junit.jupiter.engine.descriptor.TestMethodTestDescriptor.execute(Lorg/junit/jupiter/engine/execution/JupiterEngineExecutionContext;Lorg/junit/platform/engine/support/hierarchical/Node$DynamicTestExecutor;)Lorg/junit/jupiter/engine/execution/JupiterEngineExecutionContext;+44
j  org.junit.jupiter.engine.descriptor.TestMethodTestDescriptor.execute(Lorg/junit/platform/engine/support/hierarchical/EngineExecutionContext;Lorg/junit/platform/engine/support/hierarchical/Node$DynamicTestExecutor;)Lorg/junit/platform/engine/support/hierarchical/EngineExecutionContext;+6
j  org.junit.platform.engine.support.hierarchical.NodeTestTask.lambda$executeRecursively$6()V+79
j  org.junit.platform.engine.support.hierarchical.NodeTestTask$$Lambda$289+0x0000028881135cc0.execute()V+4
j  org.junit.platform.engine.support.hierarchical.ThrowableCollector.execute(Lorg/junit/platform/engine/support/hierarchical/ThrowableCollector$Executable;)V+1
j  org.junit.platform.engine.support.hierarchical.NodeTestTask.lambda$executeRecursively$8(Lorg/junit/platform/engine/support/hierarchical/EngineExecutionContext;)V+15
j  org.junit.platform.engine.support.hierarchical.NodeTestTask$$Lambda$288+0x0000028881135aa0.invoke(Lorg/junit/platform/engine/support/hierarchical/EngineExecutionContext;)V+5
j  org.junit.platform.engine.support.hierarchical.Node.around(Lorg/junit/platform/engine/support/hierarchical/EngineExecutionContext;Lorg/junit/platform/engine/support/hierarchical/Node$Invocation;)V+2
j  org.junit.platform.engine.support.hierarchical.NodeTestTask.lambda$executeRecursively$9()V+14
j  org.junit.platform.engine.support.hierarchical.NodeTestTask$$Lambda$287+0x0000028881135688.execute()V+4
j  org.junit.platform.engine.support.hierarchical.ThrowableCollector.execute(Lorg/junit/platform/engine/support/hierarchical/ThrowableCollector$Executable;)V+1
j  org.junit.platform.engine.support.hierarchical.NodeTestTask.executeRecursively()V+31
j  org.junit.platform.engine.support.hierarchical.NodeTestTask.execute()V+55
j  org.junit.platform.engine.support.hierarchical.SameThreadHierarchicalTestExecutorService$$Lambda$293+0x0000028881138230.accept(Ljava/lang/Object;)V+4
j  java.util.ArrayList.forEach(Ljava/util/function/Consumer;)V+46 java.base@17.0.12
j  org.junit.platform.engine.support.hierarchical.SameThreadHierarchicalTestExecutorService.invokeAll(Ljava/util/List;)V+6
j  org.junit.platform.engine.support.hierarchical.NodeTestTask.lambda$executeRecursively$6()V+116
j  org.junit.platform.engine.support.hierarchical.NodeTestTask$$Lambda$289+0x0000028881135cc0.execute()V+4
j  org.junit.platform.engine.support.hierarchical.ThrowableCollector.execute(Lorg/junit/platform/engine/support/hierarchical/ThrowableCollector$Executable;)V+1
j  org.junit.platform.engine.support.hierarchical.NodeTestTask.lambda$executeRecursively$8(Lorg/junit/platform/engine/support/hierarchical/EngineExecutionContext;)V+15
j  org.junit.platform.engine.support.hierarchical.NodeTestTask$$Lambda$288+0x0000028881135aa0.invoke(Lorg/junit/platform/engine/support/hierarchical/EngineExecutionContext;)V+5
j  org.junit.platform.engine.support.hierarchical.Node.around(Lorg/junit/platform/engine/support/hierarchical/EngineExecutionContext;Lorg/junit/platform/engine/support/hierarchical/Node$Invocation;)V+2
j  org.junit.platform.engine.support.hierarchical.NodeTestTask.lambda$executeRecursively$9()V+14
j  org.junit.platform.engine.support.hierarchical.NodeTestTask$$Lambda$287+0x0000028881135688.execute()V+4
j  org.junit.platform.engine.support.hierarchical.ThrowableCollector.execute(Lorg/junit/platform/engine/support/hierarchical/ThrowableCollector$Executable;)V+1
j  org.junit.platform.engine.support.hierarchical.NodeTestTask.executeRecursively()V+31
j  org.junit.platform.engine.support.hierarchical.NodeTestTask.execute()V+55
j  org.junit.platform.engine.support.hierarchical.SameThreadHierarchicalTestExecutorService$$Lambda$293+0x0000028881138230.accept(Ljava/lang/Object;)V+4
j  java.util.ArrayList.forEach(Ljava/util/function/Consumer;)V+46 java.base@17.0.12
j  org.junit.platform.engine.support.hierarchical.SameThreadHierarchicalTestExecutorService.invokeAll(Ljava/util/List;)V+6
j  org.junit.platform.engine.support.hierarchical.NodeTestTask.lambda$executeRecursively$6()V+116
j  org.junit.platform.engine.support.hierarchical.NodeTestTask$$Lambda$289+0x0000028881135cc0.execute()V+4
j  org.junit.platform.engine.support.hierarchical.ThrowableCollector.execute(Lorg/junit/platform/engine/support/hierarchical/ThrowableCollector$Executable;)V+1
j  org.junit.platform.engine.support.hierarchical.NodeTestTask.lambda$executeRecursively$8(Lorg/junit/platform/engine/support/hierarchical/EngineExecutionContext;)V+15
j  org.junit.platform.engine.support.hierarchical.NodeTestTask$$Lambda$288+0x0000028881135aa0.invoke(Lorg/junit/platform/engine/support/hierarchical/EngineExecutionContext;)V+5
j  org.junit.platform.engine.support.hierarchical.Node.around(Lorg/junit/platform/engine/support/hierarchical/EngineExecutionContext;Lorg/junit/platform/engine/support/hierarchical/Node$Invocation;)V+2
j  org.junit.platform.engine.support.hierarchical.NodeTestTask.lambda$executeRecursively$9()V+14
j  org.junit.platform.engine.support.hierarchical.NodeTestTask$$Lambda$287+0x0000028881135688.execute()V+4
j  org.junit.platform.engine.support.hierarchical.ThrowableCollector.execute(Lorg/junit/platform/engine/support/hierarchical/ThrowableCollector$Executable;)V+1
j  org.junit.platform.engine.support.hierarchical.NodeTestTask.executeRecursively()V+31
j  org.junit.platform.engine.support.hierarchical.NodeTestTask.execute()V+55
j  org.junit.platform.engine.support.hierarchical.SameThreadHierarchicalTestExecutorService.submit(Lorg/junit/platform/engine/support/hierarchical/HierarchicalTestExecutorService$TestTask;)Ljava/util/concurrent/Future;+1
j  org.junit.platform.engine.support.hierarchical.HierarchicalTestExecutor.execute()Ljava/util/concurrent/Future;+74
j  org.junit.platform.engine.support.hierarchical.HierarchicalTestEngine.execute(Lorg/junit/platform/engine/ExecutionRequest;)V+31
j  org.junit.platform.launcher.core.EngineExecutionOrchestrator.execute(Lorg/junit/platform/engine/TestDescriptor;Lorg/junit/platform/engine/EngineExecutionListener;Lorg/junit/platform/engine/ConfigurationParameters;Lorg/junit/platform/engine/TestEngine;)V+24
j  org.junit.platform.launcher.core.EngineExecutionOrchestrator.execute(Lorg/junit/platform/launcher/core/LauncherDiscoveryResult;Lorg/junit/platform/engine/EngineExecutionListener;)V+86
j  org.junit.platform.launcher.core.EngineExecutionOrchestrator.lambda$execute$0(Lorg/junit/platform/launcher/core/InternalTestPlan;Lorg/junit/platform/launcher/core/LauncherDiscoveryResult;Lorg/junit/platform/launcher/TestExecutionListener;)V+18
j  org.junit.platform.launcher.core.EngineExecutionOrchestrator$$Lambda$243+0x0000028881122238.accept(Ljava/lang/Object;)V+16
j  org.junit.platform.launcher.core.EngineExecutionOrchestrator.withInterceptedStreams(Lorg/junit/platform/engine/ConfigurationParameters;Lorg/junit/platform/launcher/core/ListenerRegistry;Ljava/util/function/Consumer;)V+51
j  org.junit.platform.launcher.core.EngineExecutionOrchestrator.execute(Lorg/junit/platform/launcher/core/InternalTestPlan;[Lorg/junit/platform/launcher/TestExecutionListener;)V+35
j  org.junit.platform.launcher.core.DefaultLauncher.execute(Lorg/junit/platform/launcher/core/InternalTestPlan;[Lorg/junit/platform/launcher/TestExecutionListener;)V+6
j  org.junit.platform.launcher.core.DefaultLauncher.execute(Lorg/junit/platform/launcher/LauncherDiscoveryRequest;[Lorg/junit/platform/launcher/TestExecutionListener;)V+34
j  org.junit.platform.launcher.core.DefaultLauncherSession$DelegatingLauncher.execute(Lorg/junit/platform/launcher/LauncherDiscoveryRequest;[Lorg/junit/platform/launcher/TestExecutionListener;)V+6
j  org.gradle.api.internal.tasks.testing.junitplatform.JUnitPlatformTestClassProcessor$CollectAllTestClassesExecutor.processAllTestClasses()V+94
j  org.gradle.api.internal.tasks.testing.junitplatform.JUnitPlatformTestClassProcessor$CollectAllTestClassesExecutor.access$000(Lorg/gradle/api/internal/tasks/testing/junitplatform/JUnitPlatformTestClassProcessor$CollectAllTestClassesExecutor;)V+1
j  org.gradle.api.internal.tasks.testing.junitplatform.JUnitPlatformTestClassProcessor.stop()V+4
j  org.gradle.api.internal.tasks.testing.SuiteTestClassProcessor.stop()V+4
v  ~StubRoutines::call_stub
j  jdk.internal.reflect.NativeMethodAccessorImpl.invoke0(Ljava/lang/reflect/Method;Ljava/lang/Object;[Ljava/lang/Object;)Ljava/lang/Object;+0 java.base@17.0.12
j  jdk.internal.reflect.NativeMethodAccessorImpl.invoke(Ljava/lang/Object;[Ljava/lang/Object;)Ljava/lang/Object;+133 java.base@17.0.12
j  jdk.internal.reflect.DelegatingMethodAccessorImpl.invoke(Ljava/lang/Object;[Ljava/lang/Object;)Ljava/lang/Object;+6 java.base@17.0.12
j  java.lang.reflect.Method.invoke(Ljava/lang/Object;[Ljava/lang/Object;)Ljava/lang/Object;+59 java.base@17.0.12
j  org.gradle.internal.dispatch.ReflectionDispatch.dispatch(Lorg/gradle/internal/dispatch/MethodInvocation;)V+19
j  org.gradle.internal.dispatch.ReflectionDispatch.dispatch(Ljava/lang/Object;)V+5
j  org.gradle.internal.dispatch.ContextClassLoaderDispatch.dispatch(Ljava/lang/Object;)V+22
j  org.gradle.internal.dispatch.ProxyDispatchAdapter$DispatchingInvocationHandler.invoke(Ljava/lang/Object;Ljava/lang/reflect/Method;[Ljava/lang/Object;)Ljava/lang/Object;+177
j  jdk.proxy1.$Proxy4.stop()V+9 jdk.proxy1
j  org.gradle.api.internal.tasks.testing.worker.TestWorker$3.run()V+7
j  org.gradle.api.internal.tasks.testing.worker.TestWorker.executeAndMaintainThreadName(Ljava/lang/Runnable;)V+1
j  org.gradle.api.internal.tasks.testing.worker.TestWorker.execute(Lorg/gradle/process/internal/worker/WorkerProcessContext;)V+76
j  org.gradle.api.internal.tasks.testing.worker.TestWorker.execute(Ljava/lang/Object;)V+5
j  org.gradle.process.internal.worker.child.ActionExecutionWorker.execute(Lorg/gradle/process/internal/worker/WorkerProcessContext;)V+65
j  org.gradle.process.internal.worker.child.SystemApplicationClassLoaderWorker.call()Ljava/lang/Void;+270
j  org.gradle.process.internal.worker.child.SystemApplicationClassLoaderWorker.call()Ljava/lang/Object;+1
j  worker.org.gradle.process.internal.worker.GradleWorkerMain.run()V+250
j  worker.org.gradle.process.internal.worker.GradleWorkerMain.main([Ljava/lang/String;)V+7
v  ~StubRoutines::call_stub

siginfo: EXCEPTION_ACCESS_VIOLATION (0xc0000005), reading address 0x0000000000000000


Registers:
RAX=0x0000000000000000, RBX=0x00000288c178ae30, RCX=0x00007ffe23c6c038, RDX=0x0000000000000000
RSP=0x000000e1ecafb1f0, RBP=0x000000e1ecafb320, RSI=0x00007ffe23c6c030, RDI=0x00007ffe23c6c030
R8 =0x0000000000000006, R9 =0x0000000000000006, R10=0x00000288f1b3d6b2, R11=0x00000000df851960
R12=0x0000000000000000, R13=0x00000288c178ae30, R14=0x0000000000000000, R15=0x00000288e2bac4b0
RIP=0x00007fff0c063020, EFLAGS=0x0000000000010286


Register to memory mapping:

RIP=0x00007fff0c063020 msvcp140.dll
RAX=0x0 is NULL
RBX={method} {0x00000288c178ae38} 'getDefaultInstance' '()I' in 'edu/wpi/first/networktables/NetworkTablesJNI'
RCX=0x00007ffe23c6c038 ntcore.dll
RDX=0x0 is NULL
RSP=0x000000e1ecafb1f0 is pointing into the stack for thread: 0x00000288e2bac4b0
RBP=0x000000e1ecafb320 is pointing into the stack for thread: 0x00000288e2bac4b0
RSI=0x00007ffe23c6c030 ntcore.dll
RDI=0x00007ffe23c6c030 ntcore.dll
R8 =0x0000000000000006 is an unknown value
R9 =0x0000000000000006 is an unknown value
R10=0x00000288f1b3d6b2 is at code_begin+946 in an Interpreter codelet
method entry point (kind = native)  [0x00000288f1b3d300, 0x00000288f1b3dc80]  2432 bytes
R11=0x00000000df851960 is an oop: java.lang.Class 
{0x00000000df851960} - klass: 'java/lang/Class'
 - ---- fields (total size 15 words):
 - private volatile transient 'classRedefinedCount' 'I' @12  0
 - private volatile transient 'cachedConstructor' 'Ljava/lang/reflect/Constructor;' @40  NULL (0)
 - private transient 'name' 'Ljava/lang/String;' @44  "edu.wpi.first.networktables.NetworkTablesJNI"{0x00000000df8519e8} (df8519e8)
 - private transient 'module' 'Ljava/lang/Module;' @48  a 'java/lang/Module'{0x00000000de685df8} (de685df8)
 - private final 'classLoader' 'Ljava/lang/ClassLoader;' @52  a 'jdk/internal/loader/ClassLoaders$AppClassLoader'{0x00000000de600198} (de600198)
 - private transient 'classData' 'Ljava/lang/Object;' @56  NULL (0)
 - private transient 'packageName' 'Ljava/lang/String;' @60  "edu.wpi.first.networktables"{0x00000000df829dd8} (df829dd8)
 - private final 'componentType' 'Ljava/lang/Class;' @64  NULL (0)
 - private volatile transient 'reflectionData' 'Ljava/lang/ref/SoftReference;' @68  NULL (0)
 - private volatile transient 'genericInfo' 'Lsun/reflect/generics/repository/ClassRepository;' @72  NULL (0)
 - private volatile transient 'enumConstants' '[Ljava/lang/Object;' @76  NULL (0)
 - private volatile transient 'enumConstantDirectory' 'Ljava/util/Map;' @80  NULL (0)
 - private volatile transient 'annotationData' 'Ljava/lang/Class$AnnotationData;' @84  NULL (0)
 - private volatile transient 'annotationType' 'Lsun/reflect/annotation/AnnotationType;' @88  NULL (0)
 - transient 'classValueMap' 'Ljava/lang/ClassValue$ClassValueMap;' @92  NULL (0)
 - signature: Ledu/wpi/first/networktables/NetworkTablesJNI;
 - fake entry for mirror: 'edu/wpi/first/networktables/NetworkTablesJNI'
 - fake entry for array: NULL
 - fake entry for oop_size: 15
 - fake entry for static_oop_field_count: 0
 - static 'libraryLoaded' 'Z' @112  true
R12=0x0 is NULL
R13={method} {0x00000288c178ae38} 'getDefaultInstance' '()I' in 'edu/wpi/first/networktables/NetworkTablesJNI'
R14=0x0 is NULL
R15=0x00000288e2bac4b0 is a thread


Top of Stack: (sp=0x000000e1ecafb1f0)
0x000000e1ecafb1f0:   000027725e5ff3a0 00007ffe857857b7
0x000000e1ecafb200:   00000288e2bac4b0 000000e1ecafb338
0x000000e1ecafb210:   0000000000000000 00000288e2bac4b0
0x000000e1ecafb220:   0000821972b1f1e0 00000288c178ae30
0x000000e1ecafb230:   000000e1ecafb338 00007ffe23c6c030
0x000000e1ecafb240:   0000000000000000 00007ffe23b7dcb9
0x000000e1ecafb250:   00000288e2bac4b0 00000288e2bac4b0
0x000000e1ecafb260:   00000288c178ae30 00000288e2bac4b0
0x000000e1ecafb270:   00000288e2bac4b0 00007ffe23b897f9
0x000000e1ecafb280:   00007ffe23c6c030 00000288c178ae30
0x000000e1ecafb290:   00000288c178ae30 0000000000000000
0x000000e1ecafb2a0:   00000288e2bac4b0 00000288f1b3d6e1
0x000000e1ecafb2b0:   00000288c178ae30 0000000000000000
0x000000e1ecafb2c0:   000000e1ecafb9b0 00007ffe85785869
0x000000e1ecafb2d0:   00000288f1b3d3b6 000000e1ecafb2d8
0x000000e1ecafb2e0:   00000288c178ae30 000000e1ecafb338
0x000000e1ecafb2f0:   00000288c1791348 0000000000000000
0x000000e1ecafb300:   00000000df851960 00000288c178ae30
0x000000e1ecafb310:   0000000000000000 000000e1ecafb340
0x000000e1ecafb320:   000000e1ecafb3a8 00000288f1b39634
0x000000e1ecafb330:   00000000df851960 00000288f1b3aff6
0x000000e1ecafb340:   00000000df8467e0 00000000df8467e0
0x000000e1ecafb350:   000000024c22fe01 00000000df842a80
0x000000e1ecafb360:   000000e1ecafb350 00000288c1783822
0x000000e1ecafb370:   000000e1ecafb3b0 00000288c1788478
0x000000e1ecafb380:   0000000000000000 00000000df842a80
0x000000e1ecafb390:   00000288c1783838 000000e1ecafb340
0x000000e1ecafb3a0:   000000e1ecafb3b8 000000e1ecafb408
0x000000e1ecafb3b0:   00000288f1b39679 00000000df828170
0x000000e1ecafb3c0:   000000e1ecafb3c0 00000288c1777f71
0x000000e1ecafb3d0:   000000e1ecafb418 00000288c1780000
0x000000e1ecafb3e0:   0000000000000000 00000000df825c08 

Instructions: (pc=0x00007fff0c063020)
0x00007fff0c062f20:   07 00 85 d2 74 11 83 ea 01 74 0c 83 fa 01 74 2a
0x00007fff0c062f30:   ff 15 62 25 04 00 cc 48 83 3d e9 34 07 00 00 74
0x00007fff0c062f40:   19 48 8d 05 80 62 04 00 48 89 01 48 83 c1 08 48
0x00007fff0c062f50:   83 c4 28 48 ff 25 86 22 04 00 48 8d 05 37 62 04
0x00007fff0c062f60:   00 45 33 c0 48 89 01 ba a0 0f 00 00 48 83 c1 08
0x00007fff0c062f70:   48 83 c4 28 48 ff 25 4d 22 04 00 cc cc cc cc cc
0x00007fff0c062f80:   48 83 c1 08 48 ff 25 2d 22 04 00 cc cc cc cc cc
0x00007fff0c062f90:   48 83 c1 08 48 ff 25 3d 22 04 00 cc cc cc cc cc
0x00007fff0c062fa0:   48 83 c1 08 48 ff 25 a5 20 04 00 cc 48 89 5c 24
0x00007fff0c062fb0:   18 56 57 41 56 48 83 ec 40 48 8b 05 78 03 07 00
0x00007fff0c062fc0:   48 33 c4 48 89 44 24 30 8b 01 4c 8b f2 0f ba f0
0x00007fff0c062fd0:   08 48 8b f1 83 f8 01 75 2c ff 15 19 22 04 00 39
0x00007fff0c062fe0:   46 48 74 19 48 8d 4e 08 48 8b 01 48 8b 00 ff 15
0x00007fff0c062ff0:   c4 26 04 00 ff 15 fe 21 04 00 89 46 48 ff 46 4c
0x00007fff0c063000:   e9 f3 00 00 00 4d 85 f6 75 24 ff 15 e8 21 04 00
0x00007fff0c063010:   39 46 48 0f 84 9d 00 00 00 48 8d 4e 08 48 8b 01
0x00007fff0c063020:   48 8b 00 ff 15 8f 26 04 00 e9 88 00 00 00 48 83
0x00007fff0c063030:   3a 00 7c 62 75 06 83 7a 08 00 7e 5a ba 01 00 00
0x00007fff0c063040:   00 48 8d 4c 24 20 e8 15 09 00 00 48 8b 44 24 20
0x00007fff0c063050:   49 3b 06 7c 0c 75 7d 41 8b 46 08 39 44 24 28 7d
0x00007fff0c063060:   73 ff 15 91 21 04 00 39 46 48 74 4a 48 8b 46 08
0x00007fff0c063070:   48 8d 54 24 20 49 8b ce 48 8b 58 10 e8 cf 07 00
0x00007fff0c063080:   00 8b d0 48 8d 4e 08 48 8b c3 ff 15 28 26 04 00
0x00007fff0c063090:   84 c0 75 22 eb a6 ff 15 5c 21 04 00 39 46 48 74
0x00007fff0c0630a0:   15 48 8d 4e 08 48 8b 01 48 8b 40 08 ff 15 06 26
0x00007fff0c0630b0:   04 00 84 c0 74 1e 8b 4e 4c 8d 41 01 89 46 4c 83
0x00007fff0c0630c0:   f8 01 7e 2b f7 06 00 01 00 00 75 2c 89 4e 4c 4d
0x00007fff0c0630d0:   85 f6 74 14 49 83 3e 00 75 07 41 83 7e 08 00 74
0x00007fff0c0630e0:   07 b8 02 00 00 00 eb 12 b8 03 00 00 00 eb 0b ff
0x00007fff0c0630f0:   15 03 21 04 00 89 46 48 33 c0 48 8b 4c 24 30 48
0x00007fff0c063100:   33 cc e8 89 f3 03 00 48 8b 5c 24 70 48 83 c4 40
0x00007fff0c063110:   41 5e 5f 5e c3 cc cc cc cc cc cc cc cc cc cc cc 


Stack slot to memory mapping:
stack at sp + 0 slots: 0x000027725e5ff3a0 is an unknown value
stack at sp + 1 slots: 0x00007ffe857857b7 jvm.dll
stack at sp + 2 slots: 0x00000288e2bac4b0 is a thread
stack at sp + 3 slots: 0x000000e1ecafb338 is pointing into the stack for thread: 0x00000288e2bac4b0
stack at sp + 4 slots: 0x0 is NULL
stack at sp + 5 slots: 0x00000288e2bac4b0 is a thread
stack at sp + 6 slots: 0x0000821972b1f1e0 is an unknown value
stack at sp + 7 slots: {method} {0x00000288c178ae38} 'getDefaultInstance' '()I' in 'edu/wpi/first/networktables/NetworkTablesJNI'


---------------  P R O C E S S  ---------------

Threads class SMR info:
_java_thread_list=0x00000288c5b77ff0, length=19, elements={
0x00000288e2bac4b0, 0x00000288ffa7e520, 0x00000288ffa7f0e0, 0x00000288ffb7f910,
0x00000288ffb822e0, 0x00000288ffb82ca0, 0x00000288ffb83660, 0x00000288ffbbd230,
0x00000288ffbbe500, 0x00000288ffbc0030, 0x00000288ffcd3850, 0x00000288ffd07250,
0x00000288ffd09b50, 0x00000288c545edb0, 0x00000288c548a2a0, 0x00000288c54ba270,
0x00000288ffe1b960, 0x00000288c56cce80, 0x00000288c5561380
}

Java Threads: ( => current thread )
=>0x00000288e2bac4b0 JavaThread "Test worker" [_thread_in_native, id=20284, stack(0x000000e1eca00000,0x000000e1ecb00000)]
  0x00000288ffa7e520 JavaThread "Reference Handler" daemon [_thread_blocked, id=14644, stack(0x000000e1ed100000,0x000000e1ed200000)]
  0x00000288ffa7f0e0 JavaThread "Finalizer" daemon [_thread_blocked, id=10608, stack(0x000000e1ed200000,0x000000e1ed300000)]
  0x00000288ffb7f910 JavaThread "Signal Dispatcher" daemon [_thread_blocked, id=33448, stack(0x000000e1ed300000,0x000000e1ed400000)]
  0x00000288ffb822e0 JavaThread "Attach Listener" daemon [_thread_blocked, id=13624, stack(0x000000e1ed400000,0x000000e1ed500000)]
  0x00000288ffb82ca0 JavaThread "Service Thread" daemon [_thread_blocked, id=29480, stack(0x000000e1ed500000,0x000000e1ed600000)]
  0x00000288ffb83660 JavaThread "Monitor Deflation Thread" daemon [_thread_blocked, id=28316, stack(0x000000e1ed600000,0x000000e1ed700000)]
  0x00000288ffbbd230 JavaThread "C2 CompilerThread0" daemon [_thread_blocked, id=26328, stack(0x000000e1ed700000,0x000000e1ed800000)]
  0x00000288ffbbe500 JavaThread "C1 CompilerThread0" daemon [_thread_blocked, id=6748, stack(0x000000e1ed800000,0x000000e1ed900000)]
  0x00000288ffbc0030 JavaThread "Sweeper thread" daemon [_thread_blocked, id=23616, stack(0x000000e1ed900000,0x000000e1eda00000)]
  0x00000288ffcd3850 JavaThread "C1 CompilerThread1" daemon [_thread_blocked, id=24004, stack(0x000000e1eda00000,0x000000e1edb00000)]
  0x00000288ffd07250 JavaThread "Common-Cleaner" daemon [_thread_blocked, id=32036, stack(0x000000e1edb00000,0x000000e1edc00000)]
  0x00000288ffd09b50 JavaThread "Notification Thread" daemon [_thread_blocked, id=27092, stack(0x000000e1edc00000,0x000000e1edd00000)]
  0x00000288c545edb0 JavaThread "C1 CompilerThread2" daemon [_thread_blocked, id=18644, stack(0x000000e1ede00000,0x000000e1edf00000)]
  0x00000288c548a2a0 JavaThread "C1 CompilerThread3" daemon [_thread_blocked, id=33004, stack(0x000000e1edf00000,0x000000e1ee000000)]
  0x00000288c54ba270 JavaThread "C2 CompilerThread1" daemon [_thread_blocked, id=15812, stack(0x000000e1ee100000,0x000000e1ee200000)]
  0x00000288ffe1b960 JavaThread "/127.0.0.1:31422 to /127.0.0.1:31416 workers" [_thread_blocked, id=27168, stack(0x000000e1ee200000,0x000000e1ee300000)]
  0x00000288c56cce80 JavaThread "/127.0.0.1:31422 to /127.0.0.1:31416 workers Thread 2" [_thread_blocked, id=6964, stack(0x000000e1ee300000,0x000000e1ee400000)]
  0x00000288c5561380 JavaThread "/127.0.0.1:31422 to /127.0.0.1:31416 workers Thread 3" [_thread_in_native, id=33136, stack(0x000000e1ee400000,0x000000e1ee500000)]

Other Threads:
  0x00000288ffa7ba80 VMThread "VM Thread" [stack: 0x000000e1ed000000,0x000000e1ed100000] [id=15296]
  0x00000288ffd0a030 WatcherThread [stack: 0x000000e1edd00000,0x000000e1ede00000] [id=33228]
  0x00000288e2bec840 GCTaskThread "GC Thread#0" [stack: 0x000000e1ecb00000,0x000000e1ecc00000] [id=21896]
  0x00000288c5a4e420 GCTaskThread "GC Thread#1" [stack: 0x000000e1ee600000,0x000000e1ee700000] [id=17520]
  0x00000288c592e890 GCTaskThread "GC Thread#2" [stack: 0x000000e1ee700000,0x000000e1ee800000] [id=26164]
  0x00000288c55a0ec0 GCTaskThread "GC Thread#3" [stack: 0x000000e1ee800000,0x000000e1ee900000] [id=8900]
  0x00000288c5ca0810 GCTaskThread "GC Thread#4" [stack: 0x000000e1ee900000,0x000000e1eea00000] [id=34732]
  0x00000288c5ca0ad0 GCTaskThread "GC Thread#5" [stack: 0x000000e1eea00000,0x000000e1eeb00000] [id=32212]
  0x00000288c5c54a70 GCTaskThread "GC Thread#6" [stack: 0x000000e1eeb00000,0x000000e1eec00000] [id=28832]
  0x00000288c5a49690 GCTaskThread "GC Thread#7" [stack: 0x000000e1eec00000,0x000000e1eed00000] [id=33492]
  0x00000288c5a49950 GCTaskThread "GC Thread#8" [stack: 0x000000e1eed00000,0x000000e1eee00000] [id=33260]
  0x00000288c5a49c10 GCTaskThread "GC Thread#9" [stack: 0x000000e1eee00000,0x000000e1eef00000] [id=27276]
  0x00000288c5a49ed0 GCTaskThread "GC Thread#10" [stack: 0x000000e1eef00000,0x000000e1ef000000] [id=34496]
  0x00000288c5570d60 GCTaskThread "GC Thread#11" [stack: 0x000000e1ef000000,0x000000e1ef100000] [id=14928]
  0x00000288e2bf5790 ConcurrentGCThread "G1 Main Marker" [stack: 0x000000e1ecc00000,0x000000e1ecd00000] [id=32900]
  0x00000288e2bf6e80 ConcurrentGCThread "G1 Conc#0" [stack: 0x000000e1ecd00000,0x000000e1ece00000] [id=29284]
  0x00000288e2c5dc30 ConcurrentGCThread "G1 Refine#0" [stack: 0x000000e1ece00000,0x000000e1ecf00000] [id=10636]
  0x00000288e2c5e500 ConcurrentGCThread "G1 Service" [stack: 0x000000e1ecf00000,0x000000e1ed000000] [id=5184]

Threads with active compile tasks:

VM state: not at safepoint (normal execution)

VM Mutex/Monitor currently owned by a thread: None

Heap address: 0x00000000c0000000, size: 1024 MB, Compressed Oops mode: 32-bit

CDS archive(s) mapped at: [0x0000028880000000-0x0000028880bb0000-0x0000028880bb0000), size 12255232, SharedBaseAddress: 0x0000028880000000, ArchiveRelocationMode: 1.
Compressed class space mapped at: 0x0000028881000000-0x00000288c1000000, reserved size: 1073741824
Narrow klass base: 0x0000028880000000, Narrow klass shift: 0, Narrow klass range: 0x100000000

GC Precious Log:
 CPUs: 22 total, 22 available
 Memory: 15892M
 Large Page Support: Disabled
 NUMA Support: Disabled
 Compressed Oops: Enabled (32-bit)
 Heap Region Size: 1M
 Heap Min Capacity: 512M
 Heap Initial Capacity: 512M
 Heap Max Capacity: 1G
 Pre-touch: Disabled
 Parallel Workers: 16
 Concurrent Workers: 4
 Concurrent Refinement Workers: 16
 Periodic GC: Disabled

Heap:
 garbage-first heap   total 524288K, used 11893K [0x00000000c0000000, 0x0000000100000000)
  region size 1024K, 12 young (12288K), 4 survivors (4096K)
 Metaspace       used 8720K, committed 9024K, reserved 1114112K
  class space    used 1172K, committed 1344K, reserved 1048576K

Heap Regions: E=young(eden), S=young(survivor), O=old, HS=humongous(starts), HC=humongous(continues), CS=collection set, F=free, OA=open archive, CA=closed archive, TAMS=top-at-mark-start (previous, next)
|   0|0x00000000c0000000, 0x00000000c009d400, 0x00000000c0100000| 61%| O|  |TAMS 0x00000000c0000000, 0x00000000c0000000| Untracked 
|   1|0x00000000c0100000, 0x00000000c0100000, 0x00000000c0200000|  0%| F|  |TAMS 0x00000000c0100000, 0x00000000c0100000| Untracked 
|   2|0x00000000c0200000, 0x00000000c0200000, 0x00000000c0300000|  0%| F|  |TAMS 0x00000000c0200000, 0x00000000c0200000| Untracked 
|   3|0x00000000c0300000, 0x00000000c0300000, 0x00000000c0400000|  0%| F|  |TAMS 0x00000000c0300000, 0x00000000c0300000| Untracked 
|   4|0x00000000c0400000, 0x00000000c0400000, 0x00000000c0500000|  0%| F|  |TAMS 0x00000000c0400000, 0x00000000c0400000| Untracked 
|   5|0x00000000c0500000, 0x00000000c0500000, 0x00000000c0600000|  0%| F|  |TAMS 0x00000000c0500000, 0x00000000c0500000| Untracked 
|   6|0x00000000c0600000, 0x00000000c0600000, 0x00000000c0700000|  0%| F|  |TAMS 0x00000000c0600000, 0x00000000c0600000| Untracked 
|   7|0x00000000c0700000, 0x00000000c0700000, 0x00000000c0800000|  0%| F|  |TAMS 0x00000000c0700000, 0x00000000c0700000| Untracked 
|   8|0x00000000c0800000, 0x00000000c0800000, 0x00000000c0900000|  0%| F|  |TAMS 0x00000000c0800000, 0x00000000c0800000| Untracked 
|   9|0x00000000c0900000, 0x00000000c0900000, 0x00000000c0a00000|  0%| F|  |TAMS 0x00000000c0900000, 0x00000000c0900000| Untracked 
|  10|0x00000000c0a00000, 0x00000000c0a00000, 0x00000000c0b00000|  0%| F|  |TAMS 0x00000000c0a00000, 0x00000000c0a00000| Untracked 
|  11|0x00000000c0b00000, 0x00000000c0b00000, 0x00000000c0c00000|  0%| F|  |TAMS 0x00000000c0b00000, 0x00000000c0b00000| Untracked 
|  12|0x00000000c0c00000, 0x00000000c0c00000, 0x00000000c0d00000|  0%| F|  |TAMS 0x00000000c0c00000, 0x00000000c0c00000| Untracked 
|  13|0x00000000c0d00000, 0x00000000c0d00000, 0x00000000c0e00000|  0%| F|  |TAMS 0x00000000c0d00000, 0x00000000c0d00000| Untracked 
|  14|0x00000000c0e00000, 0x00000000c0e00000, 0x00000000c0f00000|  0%| F|  |TAMS 0x00000000c0e00000, 0x00000000c0e00000| Untracked 
|  15|0x00000000c0f00000, 0x00000000c0f00000, 0x00000000c1000000|  0%| F|  |TAMS 0x00000000c0f00000, 0x00000000c0f00000| Untracked 
|  16|0x00000000c1000000, 0x00000000c1000000, 0x00000000c1100000|  0%| F|  |TAMS 0x00000000c1000000, 0x00000000c1000000| Untracked 
|  17|0x00000000c1100000, 0x00000000c1100000, 0x00000000c1200000|  0%| F|  |TAMS 0x00000000c1100000, 0x00000000c1100000| Untracked 
|  18|0x00000000c1200000, 0x00000000c1200000, 0x00000000c1300000|  0%| F|  |TAMS 0x00000000c1200000, 0x00000000c1200000| Untracked 
|  19|0x00000000c1300000, 0x00000000c1300000, 0x00000000c1400000|  0%| F|  |TAMS 0x00000000c1300000, 0x00000000c1300000| Untracked 
|  20|0x00000000c1400000, 0x00000000c1400000, 0x00000000c1500000|  0%| F|  |TAMS 0x00000000c1400000, 0x00000000c1400000| Untracked 
|  21|0x00000000c1500000, 0x00000000c1500000, 0x00000000c1600000|  0%| F|  |TAMS 0x00000000c1500000, 0x00000000c1500000| Untracked 
|  22|0x00000000c1600000, 0x00000000c1600000, 0x00000000c1700000|  0%| F|  |TAMS 0x00000000c1600000, 0x00000000c1600000| Untracked 
|  23|0x00000000c1700000, 0x00000000c1700000, 0x00000000c1800000|  0%| F|  |TAMS 0x00000000c1700000, 0x00000000c1700000| Untracked 
|  24|0x00000000c1800000, 0x00000000c1800000, 0x00000000c1900000|  0%| F|  |TAMS 0x00000000c1800000, 0x00000000c1800000| Untracked 
|  25|0x00000000c1900000, 0x00000000c1900000, 0x00000000c1a00000|  0%| F|  |TAMS 0x00000000c1900000, 0x00000000c1900000| Untracked 
|  26|0x00000000c1a00000, 0x00000000c1a00000, 0x00000000c1b00000|  0%| F|  |TAMS 0x00000000c1a00000, 0x00000000c1a00000| Untracked 
|  27|0x00000000c1b00000, 0x00000000c1b00000, 0x00000000c1c00000|  0%| F|  |TAMS 0x00000000c1b00000, 0x00000000c1b00000| Untracked 
|  28|0x00000000c1c00000, 0x00000000c1c00000, 0x00000000c1d00000|  0%| F|  |TAMS 0x00000000c1c00000, 0x00000000c1c00000| Untracked 
|  29|0x00000000c1d00000, 0x00000000c1d00000, 0x00000000c1e00000|  0%| F|  |TAMS 0x00000000c1d00000, 0x00000000c1d00000| Untracked 
|  30|0x00000000c1e00000, 0x00000000c1e00000, 0x00000000c1f00000|  0%| F|  |TAMS 0x00000000c1e00000, 0x00000000c1e00000| Untracked 
|  31|0x00000000c1f00000, 0x00000000c1f00000, 0x00000000c2000000|  0%| F|  |TAMS 0x00000000c1f00000, 0x00000000c1f00000| Untracked 
|  32|0x00000000c2000000, 0x00000000c2000000, 0x00000000c2100000|  0%| F|  |TAMS 0x00000000c2000000, 0x00000000c2000000| Untracked 
|  33|0x00000000c2100000, 0x00000000c2100000, 0x00000000c2200000|  0%| F|  |TAMS 0x00000000c2100000, 0x00000000c2100000| Untracked 
|  34|0x00000000c2200000, 0x00000000c2200000, 0x00000000c2300000|  0%| F|  |TAMS 0x00000000c2200000, 0x00000000c2200000| Untracked 
|  35|0x00000000c2300000, 0x00000000c2300000, 0x00000000c2400000|  0%| F|  |TAMS 0x00000000c2300000, 0x00000000c2300000| Untracked 
|  36|0x00000000c2400000, 0x00000000c2400000, 0x00000000c2500000|  0%| F|  |TAMS 0x00000000c2400000, 0x00000000c2400000| Untracked 
|  37|0x00000000c2500000, 0x00000000c2500000, 0x00000000c2600000|  0%| F|  |TAMS 0x00000000c2500000, 0x00000000c2500000| Untracked 
|  38|0x00000000c2600000, 0x00000000c2600000, 0x00000000c2700000|  0%| F|  |TAMS 0x00000000c2600000, 0x00000000c2600000| Untracked 
|  39|0x00000000c2700000, 0x00000000c2700000, 0x00000000c2800000|  0%| F|  |TAMS 0x00000000c2700000, 0x00000000c2700000| Untracked 
|  40|0x00000000c2800000, 0x00000000c2800000, 0x00000000c2900000|  0%| F|  |TAMS 0x00000000c2800000, 0x00000000c2800000| Untracked 
|  41|0x00000000c2900000, 0x00000000c2900000, 0x00000000c2a00000|  0%| F|  |TAMS 0x00000000c2900000, 0x00000000c2900000| Untracked 
|  42|0x00000000c2a00000, 0x00000000c2a00000, 0x00000000c2b00000|  0%| F|  |TAMS 0x00000000c2a00000, 0x00000000c2a00000| Untracked 
|  43|0x00000000c2b00000, 0x00000000c2b00000, 0x00000000c2c00000|  0%| F|  |TAMS 0x00000000c2b00000, 0x00000000c2b00000| Untracked 
|  44|0x00000000c2c00000, 0x00000000c2c00000, 0x00000000c2d00000|  0%| F|  |TAMS 0x00000000c2c00000, 0x00000000c2c00000| Untracked 
|  45|0x00000000c2d00000, 0x00000000c2d00000, 0x00000000c2e00000|  0%| F|  |TAMS 0x00000000c2d00000, 0x00000000c2d00000| Untracked 
|  46|0x00000000c2e00000, 0x00000000c2e00000, 0x00000000c2f00000|  0%| F|  |TAMS 0x00000000c2e00000, 0x00000000c2e00000| Untracked 
|  47|0x00000000c2f00000, 0x00000000c2f00000, 0x00000000c3000000|  0%| F|  |TAMS 0x00000000c2f00000, 0x00000000c2f00000| Untracked 
|  48|0x00000000c3000000, 0x00000000c3000000, 0x00000000c3100000|  0%| F|  |TAMS 0x00000000c3000000, 0x00000000c3000000| Untracked 
|  49|0x00000000c3100000, 0x00000000c3100000, 0x00000000c3200000|  0%| F|  |TAMS 0x00000000c3100000, 0x00000000c3100000| Untracked 
|  50|0x00000000c3200000, 0x00000000c3200000, 0x00000000c3300000|  0%| F|  |TAMS 0x00000000c3200000, 0x00000000c3200000| Untracked 
|  51|0x00000000c3300000, 0x00000000c3300000, 0x00000000c3400000|  0%| F|  |TAMS 0x00000000c3300000, 0x00000000c3300000| Untracked 
|  52|0x00000000c3400000, 0x00000000c3400000, 0x00000000c3500000|  0%| F|  |TAMS 0x00000000c3400000, 0x00000000c3400000| Untracked 
|  53|0x00000000c3500000, 0x00000000c3500000, 0x00000000c3600000|  0%| F|  |TAMS 0x00000000c3500000, 0x00000000c3500000| Untracked 
|  54|0x00000000c3600000, 0x00000000c3600000, 0x00000000c3700000|  0%| F|  |TAMS 0x00000000c3600000, 0x00000000c3600000| Untracked 
|  55|0x00000000c3700000, 0x00000000c3700000, 0x00000000c3800000|  0%| F|  |TAMS 0x00000000c3700000, 0x00000000c3700000| Untracked 
|  56|0x00000000c3800000, 0x00000000c3800000, 0x00000000c3900000|  0%| F|  |TAMS 0x00000000c3800000, 0x00000000c3800000| Untracked 
|  57|0x00000000c3900000, 0x00000000c3900000, 0x00000000c3a00000|  0%| F|  |TAMS 0x00000000c3900000, 0x00000000c3900000| Untracked 
|  58|0x00000000c3a00000, 0x00000000c3a00000, 0x00000000c3b00000|  0%| F|  |TAMS 0x00000000c3a00000, 0x00000000c3a00000| Untracked 
|  59|0x00000000c3b00000, 0x00000000c3b00000, 0x00000000c3c00000|  0%| F|  |TAMS 0x00000000c3b00000, 0x00000000c3b00000| Untracked 
|  60|0x00000000c3c00000, 0x00000000c3c00000, 0x00000000c3d00000|  0%| F|  |TAMS 0x00000000c3c00000, 0x00000000c3c00000| Untracked 
|  61|0x00000000c3d00000, 0x00000000c3d00000, 0x00000000c3e00000|  0%| F|  |TAMS 0x00000000c3d00000, 0x00000000c3d00000| Untracked 
|  62|0x00000000c3e00000, 0x00000000c3e00000, 0x00000000c3f00000|  0%| F|  |TAMS 0x00000000c3e00000, 0x00000000c3e00000| Untracked 
|  63|0x00000000c3f00000, 0x00000000c3f00000, 0x00000000c4000000|  0%| F|  |TAMS 0x00000000c3f00000, 0x00000000c3f00000| Untracked 
|  64|0x00000000c4000000, 0x00000000c4000000, 0x00000000c4100000|  0%| F|  |TAMS 0x00000000c4000000, 0x00000000c4000000| Untracked 
|  65|0x00000000c4100000, 0x00000000c4100000, 0x00000000c4200000|  0%| F|  |TAMS 0x00000000c4100000, 0x00000000c4100000| Untracked 
|  66|0x00000000c4200000, 0x00000000c4200000, 0x00000000c4300000|  0%| F|  |TAMS 0x00000000c4200000, 0x00000000c4200000| Untracked 
|  67|0x00000000c4300000, 0x00000000c4300000, 0x00000000c4400000|  0%| F|  |TAMS 0x00000000c4300000, 0x00000000c4300000| Untracked 
|  68|0x00000000c4400000, 0x00000000c4400000, 0x00000000c4500000|  0%| F|  |TAMS 0x00000000c4400000, 0x00000000c4400000| Untracked 
|  69|0x00000000c4500000, 0x00000000c4500000, 0x00000000c4600000|  0%| F|  |TAMS 0x00000000c4500000, 0x00000000c4500000| Untracked 
|  70|0x00000000c4600000, 0x00000000c4600000, 0x00000000c4700000|  0%| F|  |TAMS 0x00000000c4600000, 0x00000000c4600000| Untracked 
|  71|0x00000000c4700000, 0x00000000c4700000, 0x00000000c4800000|  0%| F|  |TAMS 0x00000000c4700000, 0x00000000c4700000| Untracked 
|  72|0x00000000c4800000, 0x00000000c4800000, 0x00000000c4900000|  0%| F|  |TAMS 0x00000000c4800000, 0x00000000c4800000| Untracked 
|  73|0x00000000c4900000, 0x00000000c4900000, 0x00000000c4a00000|  0%| F|  |TAMS 0x00000000c4900000, 0x00000000c4900000| Untracked 
|  74|0x00000000c4a00000, 0x00000000c4a00000, 0x00000000c4b00000|  0%| F|  |TAMS 0x00000000c4a00000, 0x00000000c4a00000| Untracked 
|  75|0x00000000c4b00000, 0x00000000c4b00000, 0x00000000c4c00000|  0%| F|  |TAMS 0x00000000c4b00000, 0x00000000c4b00000| Untracked 
|  76|0x00000000c4c00000, 0x00000000c4c00000, 0x00000000c4d00000|  0%| F|  |TAMS 0x00000000c4c00000, 0x00000000c4c00000| Untracked 
|  77|0x00000000c4d00000, 0x00000000c4d00000, 0x00000000c4e00000|  0%| F|  |TAMS 0x00000000c4d00000, 0x00000000c4d00000| Untracked 
|  78|0x00000000c4e00000, 0x00000000c4e00000, 0x00000000c4f00000|  0%| F|  |TAMS 0x00000000c4e00000, 0x00000000c4e00000| Untracked 
|  79|0x00000000c4f00000, 0x00000000c4f00000, 0x00000000c5000000|  0%| F|  |TAMS 0x00000000c4f00000, 0x00000000c4f00000| Untracked 
|  80|0x00000000c5000000, 0x00000000c5000000, 0x00000000c5100000|  0%| F|  |TAMS 0x00000000c5000000, 0x00000000c5000000| Untracked 
|  81|0x00000000c5100000, 0x00000000c5100000, 0x00000000c5200000|  0%| F|  |TAMS 0x00000000c5100000, 0x00000000c5100000| Untracked 
|  82|0x00000000c5200000, 0x00000000c5200000, 0x00000000c5300000|  0%| F|  |TAMS 0x00000000c5200000, 0x00000000c5200000| Untracked 
|  83|0x00000000c5300000, 0x00000000c5300000, 0x00000000c5400000|  0%| F|  |TAMS 0x00000000c5300000, 0x00000000c5300000| Untracked 
|  84|0x00000000c5400000, 0x00000000c5400000, 0x00000000c5500000|  0%| F|  |TAMS 0x00000000c5400000, 0x00000000c5400000| Untracked 
|  85|0x00000000c5500000, 0x00000000c5500000, 0x00000000c5600000|  0%| F|  |TAMS 0x00000000c5500000, 0x00000000c5500000| Untracked 
|  86|0x00000000c5600000, 0x00000000c5600000, 0x00000000c5700000|  0%| F|  |TAMS 0x00000000c5600000, 0x00000000c5600000| Untracked 
|  87|0x00000000c5700000, 0x00000000c5700000, 0x00000000c5800000|  0%| F|  |TAMS 0x00000000c5700000, 0x00000000c5700000| Untracked 
|  88|0x00000000c5800000, 0x00000000c5800000, 0x00000000c5900000|  0%| F|  |TAMS 0x00000000c5800000, 0x00000000c5800000| Untracked 
|  89|0x00000000c5900000, 0x00000000c5900000, 0x00000000c5a00000|  0%| F|  |TAMS 0x00000000c5900000, 0x00000000c5900000| Untracked 
|  90|0x00000000c5a00000, 0x00000000c5a00000, 0x00000000c5b00000|  0%| F|  |TAMS 0x00000000c5a00000, 0x00000000c5a00000| Untracked 
|  91|0x00000000c5b00000, 0x00000000c5b00000, 0x00000000c5c00000|  0%| F|  |TAMS 0x00000000c5b00000, 0x00000000c5b00000| Untracked 
|  92|0x00000000c5c00000, 0x00000000c5c00000, 0x00000000c5d00000|  0%| F|  |TAMS 0x00000000c5c00000, 0x00000000c5c00000| Untracked 
|  93|0x00000000c5d00000, 0x00000000c5d00000, 0x00000000c5e00000|  0%| F|  |TAMS 0x00000000c5d00000, 0x00000000c5d00000| Untracked 
|  94|0x00000000c5e00000, 0x00000000c5e00000, 0x00000000c5f00000|  0%| F|  |TAMS 0x00000000c5e00000, 0x00000000c5e00000| Untracked 
|  95|0x00000000c5f00000, 0x00000000c5f00000, 0x00000000c6000000|  0%| F|  |TAMS 0x00000000c5f00000, 0x00000000c5f00000| Untracked 
|  96|0x00000000c6000000, 0x00000000c6000000, 0x00000000c6100000|  0%| F|  |TAMS 0x00000000c6000000, 0x00000000c6000000| Untracked 
|  97|0x00000000c6100000, 0x00000000c6100000, 0x00000000c6200000|  0%| F|  |TAMS 0x00000000c6100000, 0x00000000c6100000| Untracked 
|  98|0x00000000c6200000, 0x00000000c6200000, 0x00000000c6300000|  0%| F|  |TAMS 0x00000000c6200000, 0x00000000c6200000| Untracked 
|  99|0x00000000c6300000, 0x00000000c6300000, 0x00000000c6400000|  0%| F|  |TAMS 0x00000000c6300000, 0x00000000c6300000| Untracked 
| 100|0x00000000c6400000, 0x00000000c6400000, 0x00000000c6500000|  0%| F|  |TAMS 0x00000000c6400000, 0x00000000c6400000| Untracked 
| 101|0x00000000c6500000, 0x00000000c6500000, 0x00000000c6600000|  0%| F|  |TAMS 0x00000000c6500000, 0x00000000c6500000| Untracked 
| 102|0x00000000c6600000, 0x00000000c6600000, 0x00000000c6700000|  0%| F|  |TAMS 0x00000000c6600000, 0x00000000c6600000| Untracked 
| 103|0x00000000c6700000, 0x00000000c6700000, 0x00000000c6800000|  0%| F|  |TAMS 0x00000000c6700000, 0x00000000c6700000| Untracked 
| 104|0x00000000c6800000, 0x00000000c6800000, 0x00000000c6900000|  0%| F|  |TAMS 0x00000000c6800000, 0x00000000c6800000| Untracked 
| 105|0x00000000c6900000, 0x00000000c6900000, 0x00000000c6a00000|  0%| F|  |TAMS 0x00000000c6900000, 0x00000000c6900000| Untracked 
| 106|0x00000000c6a00000, 0x00000000c6a00000, 0x00000000c6b00000|  0%| F|  |TAMS 0x00000000c6a00000, 0x00000000c6a00000| Untracked 
| 107|0x00000000c6b00000, 0x00000000c6b00000, 0x00000000c6c00000|  0%| F|  |TAMS 0x00000000c6b00000, 0x00000000c6b00000| Untracked 
| 108|0x00000000c6c00000, 0x00000000c6c00000, 0x00000000c6d00000|  0%| F|  |TAMS 0x00000000c6c00000, 0x00000000c6c00000| Untracked 
| 109|0x00000000c6d00000, 0x00000000c6d00000, 0x00000000c6e00000|  0%| F|  |TAMS 0x00000000c6d00000, 0x00000000c6d00000| Untracked 
| 110|0x00000000c6e00000, 0x00000000c6e00000, 0x00000000c6f00000|  0%| F|  |TAMS 0x00000000c6e00000, 0x00000000c6e00000| Untracked 
| 111|0x00000000c6f00000, 0x00000000c6f00000, 0x00000000c7000000|  0%| F|  |TAMS 0x00000000c6f00000, 0x00000000c6f00000| Untracked 
| 112|0x00000000c7000000, 0x00000000c7000000, 0x00000000c7100000|  0%| F|  |TAMS 0x00000000c7000000, 0x00000000c7000000| Untracked 
| 113|0x00000000c7100000, 0x00000000c7100000, 0x00000000c7200000|  0%| F|  |TAMS 0x00000000c7100000, 0x00000000c7100000| Untracked 
| 114|0x00000000c7200000, 0x00000000c7200000, 0x00000000c7300000|  0%| F|  |TAMS 0x00000000c7200000, 0x00000000c7200000| Untracked 
| 115|0x00000000c7300000, 0x00000000c7300000, 0x00000000c7400000|  0%| F|  |TAMS 0x00000000c7300000, 0x00000000c7300000| Untracked 
| 116|0x00000000c7400000, 0x00000000c7400000, 0x00000000c7500000|  0%| F|  |TAMS 0x00000000c7400000, 0x00000000c7400000| Untracked 
| 117|0x00000000c7500000, 0x00000000c7500000, 0x00000000c7600000|  0%| F|  |TAMS 0x00000000c7500000, 0x00000000c7500000| Untracked 
| 118|0x00000000c7600000, 0x00000000c7600000, 0x00000000c7700000|  0%| F|  |TAMS 0x00000000c7600000, 0x00000000c7600000| Untracked 
| 119|0x00000000c7700000, 0x00000000c7700000, 0x00000000c7800000|  0%| F|  |TAMS 0x00000000c7700000, 0x00000000c7700000| Untracked 
| 120|0x00000000c7800000, 0x00000000c7800000, 0x00000000c7900000|  0%| F|  |TAMS 0x00000000c7800000, 0x00000000c7800000| Untracked 
| 121|0x00000000c7900000, 0x00000000c7900000, 0x00000000c7a00000|  0%| F|  |TAMS 0x00000000c7900000, 0x00000000c7900000| Untracked 
| 122|0x00000000c7a00000, 0x00000000c7a00000, 0x00000000c7b00000|  0%| F|  |TAMS 0x00000000c7a00000, 0x00000000c7a00000| Untracked 
| 123|0x00000000c7b00000, 0x00000000c7b00000, 0x00000000c7c00000|  0%| F|  |TAMS 0x00000000c7b00000, 0x00000000c7b00000| Untracked 
| 124|0x00000000c7c00000, 0x00000000c7c00000, 0x00000000c7d00000|  0%| F|  |TAMS 0x00000000c7c00000, 0x00000000c7c00000| Untracked 
| 125|0x00000000c7d00000, 0x00000000c7d00000, 0x00000000c7e00000|  0%| F|  |TAMS 0x00000000c7d00000, 0x00000000c7d00000| Untracked 
| 126|0x00000000c7e00000, 0x00000000c7e00000, 0x00000000c7f00000|  0%| F|  |TAMS 0x00000000c7e00000, 0x00000000c7e00000| Untracked 
| 127|0x00000000c7f00000, 0x00000000c7f00000, 0x00000000c8000000|  0%| F|  |TAMS 0x00000000c7f00000, 0x00000000c7f00000| Untracked 
| 128|0x00000000c8000000, 0x00000000c8000000, 0x00000000c8100000|  0%| F|  |TAMS 0x00000000c8000000, 0x00000000c8000000| Untracked 
| 129|0x00000000c8100000, 0x00000000c8100000, 0x00000000c8200000|  0%| F|  |TAMS 0x00000000c8100000, 0x00000000c8100000| Untracked 
| 130|0x00000000c8200000, 0x00000000c8200000, 0x00000000c8300000|  0%| F|  |TAMS 0x00000000c8200000, 0x00000000c8200000| Untracked 
| 131|0x00000000c8300000, 0x00000000c8300000, 0x00000000c8400000|  0%| F|  |TAMS 0x00000000c8300000, 0x00000000c8300000| Untracked 
| 132|0x00000000c8400000, 0x00000000c8400000, 0x00000000c8500000|  0%| F|  |TAMS 0x00000000c8400000, 0x00000000c8400000| Untracked 
| 133|0x00000000c8500000, 0x00000000c8500000, 0x00000000c8600000|  0%| F|  |TAMS 0x00000000c8500000, 0x00000000c8500000| Untracked 
| 134|0x00000000c8600000, 0x00000000c8600000, 0x00000000c8700000|  0%| F|  |TAMS 0x00000000c8600000, 0x00000000c8600000| Untracked 
| 135|0x00000000c8700000, 0x00000000c8700000, 0x00000000c8800000|  0%| F|  |TAMS 0x00000000c8700000, 0x00000000c8700000| Untracked 
| 136|0x00000000c8800000, 0x00000000c8800000, 0x00000000c8900000|  0%| F|  |TAMS 0x00000000c8800000, 0x00000000c8800000| Untracked 
| 137|0x00000000c8900000, 0x00000000c8900000, 0x00000000c8a00000|  0%| F|  |TAMS 0x00000000c8900000, 0x00000000c8900000| Untracked 
| 138|0x00000000c8a00000, 0x00000000c8a00000, 0x00000000c8b00000|  0%| F|  |TAMS 0x00000000c8a00000, 0x00000000c8a00000| Untracked 
| 139|0x00000000c8b00000, 0x00000000c8b00000, 0x00000000c8c00000|  0%| F|  |TAMS 0x00000000c8b00000, 0x00000000c8b00000| Untracked 
| 140|0x00000000c8c00000, 0x00000000c8c00000, 0x00000000c8d00000|  0%| F|  |TAMS 0x00000000c8c00000, 0x00000000c8c00000| Untracked 
| 141|0x00000000c8d00000, 0x00000000c8d00000, 0x00000000c8e00000|  0%| F|  |TAMS 0x00000000c8d00000, 0x00000000c8d00000| Untracked 
| 142|0x00000000c8e00000, 0x00000000c8e00000, 0x00000000c8f00000|  0%| F|  |TAMS 0x00000000c8e00000, 0x00000000c8e00000| Untracked 
| 143|0x00000000c8f00000, 0x00000000c8f00000, 0x00000000c9000000|  0%| F|  |TAMS 0x00000000c8f00000, 0x00000000c8f00000| Untracked 
| 144|0x00000000c9000000, 0x00000000c9000000, 0x00000000c9100000|  0%| F|  |TAMS 0x00000000c9000000, 0x00000000c9000000| Untracked 
| 145|0x00000000c9100000, 0x00000000c9100000, 0x00000000c9200000|  0%| F|  |TAMS 0x00000000c9100000, 0x00000000c9100000| Untracked 
| 146|0x00000000c9200000, 0x00000000c9200000, 0x00000000c9300000|  0%| F|  |TAMS 0x00000000c9200000, 0x00000000c9200000| Untracked 
| 147|0x00000000c9300000, 0x00000000c9300000, 0x00000000c9400000|  0%| F|  |TAMS 0x00000000c9300000, 0x00000000c9300000| Untracked 
| 148|0x00000000c9400000, 0x00000000c9400000, 0x00000000c9500000|  0%| F|  |TAMS 0x00000000c9400000, 0x00000000c9400000| Untracked 
| 149|0x00000000c9500000, 0x00000000c9500000, 0x00000000c9600000|  0%| F|  |TAMS 0x00000000c9500000, 0x00000000c9500000| Untracked 
| 150|0x00000000c9600000, 0x00000000c9600000, 0x00000000c9700000|  0%| F|  |TAMS 0x00000000c9600000, 0x00000000c9600000| Untracked 
| 151|0x00000000c9700000, 0x00000000c9700000, 0x00000000c9800000|  0%| F|  |TAMS 0x00000000c9700000, 0x00000000c9700000| Untracked 
| 152|0x00000000c9800000, 0x00000000c9800000, 0x00000000c9900000|  0%| F|  |TAMS 0x00000000c9800000, 0x00000000c9800000| Untracked 
| 153|0x00000000c9900000, 0x00000000c9900000, 0x00000000c9a00000|  0%| F|  |TAMS 0x00000000c9900000, 0x00000000c9900000| Untracked 
| 154|0x00000000c9a00000, 0x00000000c9a00000, 0x00000000c9b00000|  0%| F|  |TAMS 0x00000000c9a00000, 0x00000000c9a00000| Untracked 
| 155|0x00000000c9b00000, 0x00000000c9b00000, 0x00000000c9c00000|  0%| F|  |TAMS 0x00000000c9b00000, 0x00000000c9b00000| Untracked 
| 156|0x00000000c9c00000, 0x00000000c9c00000, 0x00000000c9d00000|  0%| F|  |TAMS 0x00000000c9c00000, 0x00000000c9c00000| Untracked 
| 157|0x00000000c9d00000, 0x00000000c9d00000, 0x00000000c9e00000|  0%| F|  |TAMS 0x00000000c9d00000, 0x00000000c9d00000| Untracked 
| 158|0x00000000c9e00000, 0x00000000c9e00000, 0x00000000c9f00000|  0%| F|  |TAMS 0x00000000c9e00000, 0x00000000c9e00000| Untracked 
| 159|0x00000000c9f00000, 0x00000000c9f00000, 0x00000000ca000000|  0%| F|  |TAMS 0x00000000c9f00000, 0x00000000c9f00000| Untracked 
| 160|0x00000000ca000000, 0x00000000ca000000, 0x00000000ca100000|  0%| F|  |TAMS 0x00000000ca000000, 0x00000000ca000000| Untracked 
| 161|0x00000000ca100000, 0x00000000ca100000, 0x00000000ca200000|  0%| F|  |TAMS 0x00000000ca100000, 0x00000000ca100000| Untracked 
| 162|0x00000000ca200000, 0x00000000ca200000, 0x00000000ca300000|  0%| F|  |TAMS 0x00000000ca200000, 0x00000000ca200000| Untracked 
| 163|0x00000000ca300000, 0x00000000ca300000, 0x00000000ca400000|  0%| F|  |TAMS 0x00000000ca300000, 0x00000000ca300000| Untracked 
| 164|0x00000000ca400000, 0x00000000ca400000, 0x00000000ca500000|  0%| F|  |TAMS 0x00000000ca400000, 0x00000000ca400000| Untracked 
| 165|0x00000000ca500000, 0x00000000ca500000, 0x00000000ca600000|  0%| F|  |TAMS 0x00000000ca500000, 0x00000000ca500000| Untracked 
| 166|0x00000000ca600000, 0x00000000ca600000, 0x00000000ca700000|  0%| F|  |TAMS 0x00000000ca600000, 0x00000000ca600000| Untracked 
| 167|0x00000000ca700000, 0x00000000ca700000, 0x00000000ca800000|  0%| F|  |TAMS 0x00000000ca700000, 0x00000000ca700000| Untracked 
| 168|0x00000000ca800000, 0x00000000ca800000, 0x00000000ca900000|  0%| F|  |TAMS 0x00000000ca800000, 0x00000000ca800000| Untracked 
| 169|0x00000000ca900000, 0x00000000ca900000, 0x00000000caa00000|  0%| F|  |TAMS 0x00000000ca900000, 0x00000000ca900000| Untracked 
| 170|0x00000000caa00000, 0x00000000caa00000, 0x00000000cab00000|  0%| F|  |TAMS 0x00000000caa00000, 0x00000000caa00000| Untracked 
| 171|0x00000000cab00000, 0x00000000cab00000, 0x00000000cac00000|  0%| F|  |TAMS 0x00000000cab00000, 0x00000000cab00000| Untracked 
| 172|0x00000000cac00000, 0x00000000cac00000, 0x00000000cad00000|  0%| F|  |TAMS 0x00000000cac00000, 0x00000000cac00000| Untracked 
| 173|0x00000000cad00000, 0x00000000cad00000, 0x00000000cae00000|  0%| F|  |TAMS 0x00000000cad00000, 0x00000000cad00000| Untracked 
| 174|0x00000000cae00000, 0x00000000cae00000, 0x00000000caf00000|  0%| F|  |TAMS 0x00000000cae00000, 0x00000000cae00000| Untracked 
| 175|0x00000000caf00000, 0x00000000caf00000, 0x00000000cb000000|  0%| F|  |TAMS 0x00000000caf00000, 0x00000000caf00000| Untracked 
| 176|0x00000000cb000000, 0x00000000cb000000, 0x00000000cb100000|  0%| F|  |TAMS 0x00000000cb000000, 0x00000000cb000000| Untracked 
| 177|0x00000000cb100000, 0x00000000cb100000, 0x00000000cb200000|  0%| F|  |TAMS 0x00000000cb100000, 0x00000000cb100000| Untracked 
| 178|0x00000000cb200000, 0x00000000cb200000, 0x00000000cb300000|  0%| F|  |TAMS 0x00000000cb200000, 0x00000000cb200000| Untracked 
| 179|0x00000000cb300000, 0x00000000cb300000, 0x00000000cb400000|  0%| F|  |TAMS 0x00000000cb300000, 0x00000000cb300000| Untracked 
| 180|0x00000000cb400000, 0x00000000cb400000, 0x00000000cb500000|  0%| F|  |TAMS 0x00000000cb400000, 0x00000000cb400000| Untracked 
| 181|0x00000000cb500000, 0x00000000cb500000, 0x00000000cb600000|  0%| F|  |TAMS 0x00000000cb500000, 0x00000000cb500000| Untracked 
| 182|0x00000000cb600000, 0x00000000cb600000, 0x00000000cb700000|  0%| F|  |TAMS 0x00000000cb600000, 0x00000000cb600000| Untracked 
| 183|0x00000000cb700000, 0x00000000cb700000, 0x00000000cb800000|  0%| F|  |TAMS 0x00000000cb700000, 0x00000000cb700000| Untracked 
| 184|0x00000000cb800000, 0x00000000cb800000, 0x00000000cb900000|  0%| F|  |TAMS 0x00000000cb800000, 0x00000000cb800000| Untracked 
| 185|0x00000000cb900000, 0x00000000cb900000, 0x00000000cba00000|  0%| F|  |TAMS 0x00000000cb900000, 0x00000000cb900000| Untracked 
| 186|0x00000000cba00000, 0x00000000cba00000, 0x00000000cbb00000|  0%| F|  |TAMS 0x00000000cba00000, 0x00000000cba00000| Untracked 
| 187|0x00000000cbb00000, 0x00000000cbb00000, 0x00000000cbc00000|  0%| F|  |TAMS 0x00000000cbb00000, 0x00000000cbb00000| Untracked 
| 188|0x00000000cbc00000, 0x00000000cbc00000, 0x00000000cbd00000|  0%| F|  |TAMS 0x00000000cbc00000, 0x00000000cbc00000| Untracked 
| 189|0x00000000cbd00000, 0x00000000cbd00000, 0x00000000cbe00000|  0%| F|  |TAMS 0x00000000cbd00000, 0x00000000cbd00000| Untracked 
| 190|0x00000000cbe00000, 0x00000000cbe00000, 0x00000000cbf00000|  0%| F|  |TAMS 0x00000000cbe00000, 0x00000000cbe00000| Untracked 
| 191|0x00000000cbf00000, 0x00000000cbf00000, 0x00000000cc000000|  0%| F|  |TAMS 0x00000000cbf00000, 0x00000000cbf00000| Untracked 
| 192|0x00000000cc000000, 0x00000000cc000000, 0x00000000cc100000|  0%| F|  |TAMS 0x00000000cc000000, 0x00000000cc000000| Untracked 
| 193|0x00000000cc100000, 0x00000000cc100000, 0x00000000cc200000|  0%| F|  |TAMS 0x00000000cc100000, 0x00000000cc100000| Untracked 
| 194|0x00000000cc200000, 0x00000000cc200000, 0x00000000cc300000|  0%| F|  |TAMS 0x00000000cc200000, 0x00000000cc200000| Untracked 
| 195|0x00000000cc300000, 0x00000000cc300000, 0x00000000cc400000|  0%| F|  |TAMS 0x00000000cc300000, 0x00000000cc300000| Untracked 
| 196|0x00000000cc400000, 0x00000000cc400000, 0x00000000cc500000|  0%| F|  |TAMS 0x00000000cc400000, 0x00000000cc400000| Untracked 
| 197|0x00000000cc500000, 0x00000000cc500000, 0x00000000cc600000|  0%| F|  |TAMS 0x00000000cc500000, 0x00000000cc500000| Untracked 
| 198|0x00000000cc600000, 0x00000000cc600000, 0x00000000cc700000|  0%| F|  |TAMS 0x00000000cc600000, 0x00000000cc600000| Untracked 
| 199|0x00000000cc700000, 0x00000000cc700000, 0x00000000cc800000|  0%| F|  |TAMS 0x00000000cc700000, 0x00000000cc700000| Untracked 
| 200|0x00000000cc800000, 0x00000000cc800000, 0x00000000cc900000|  0%| F|  |TAMS 0x00000000cc800000, 0x00000000cc800000| Untracked 
| 201|0x00000000cc900000, 0x00000000cc900000, 0x00000000cca00000|  0%| F|  |TAMS 0x00000000cc900000, 0x00000000cc900000| Untracked 
| 202|0x00000000cca00000, 0x00000000cca00000, 0x00000000ccb00000|  0%| F|  |TAMS 0x00000000cca00000, 0x00000000cca00000| Untracked 
| 203|0x00000000ccb00000, 0x00000000ccb00000, 0x00000000ccc00000|  0%| F|  |TAMS 0x00000000ccb00000, 0x00000000ccb00000| Untracked 
| 204|0x00000000ccc00000, 0x00000000ccc00000, 0x00000000ccd00000|  0%| F|  |TAMS 0x00000000ccc00000, 0x00000000ccc00000| Untracked 
| 205|0x00000000ccd00000, 0x00000000ccd00000, 0x00000000cce00000|  0%| F|  |TAMS 0x00000000ccd00000, 0x00000000ccd00000| Untracked 
| 206|0x00000000cce00000, 0x00000000cce00000, 0x00000000ccf00000|  0%| F|  |TAMS 0x00000000cce00000, 0x00000000cce00000| Untracked 
| 207|0x00000000ccf00000, 0x00000000ccf00000, 0x00000000cd000000|  0%| F|  |TAMS 0x00000000ccf00000, 0x00000000ccf00000| Untracked 
| 208|0x00000000cd000000, 0x00000000cd000000, 0x00000000cd100000|  0%| F|  |TAMS 0x00000000cd000000, 0x00000000cd000000| Untracked 
| 209|0x00000000cd100000, 0x00000000cd100000, 0x00000000cd200000|  0%| F|  |TAMS 0x00000000cd100000, 0x00000000cd100000| Untracked 
| 210|0x00000000cd200000, 0x00000000cd200000, 0x00000000cd300000|  0%| F|  |TAMS 0x00000000cd200000, 0x00000000cd200000| Untracked 
| 211|0x00000000cd300000, 0x00000000cd300000, 0x00000000cd400000|  0%| F|  |TAMS 0x00000000cd300000, 0x00000000cd300000| Untracked 
| 212|0x00000000cd400000, 0x00000000cd400000, 0x00000000cd500000|  0%| F|  |TAMS 0x00000000cd400000, 0x00000000cd400000| Untracked 
| 213|0x00000000cd500000, 0x00000000cd500000, 0x00000000cd600000|  0%| F|  |TAMS 0x00000000cd500000, 0x00000000cd500000| Untracked 
| 214|0x00000000cd600000, 0x00000000cd600000, 0x00000000cd700000|  0%| F|  |TAMS 0x00000000cd600000, 0x00000000cd600000| Untracked 
| 215|0x00000000cd700000, 0x00000000cd700000, 0x00000000cd800000|  0%| F|  |TAMS 0x00000000cd700000, 0x00000000cd700000| Untracked 
| 216|0x00000000cd800000, 0x00000000cd800000, 0x00000000cd900000|  0%| F|  |TAMS 0x00000000cd800000, 0x00000000cd800000| Untracked 
| 217|0x00000000cd900000, 0x00000000cd900000, 0x00000000cda00000|  0%| F|  |TAMS 0x00000000cd900000, 0x00000000cd900000| Untracked 
| 218|0x00000000cda00000, 0x00000000cda00000, 0x00000000cdb00000|  0%| F|  |TAMS 0x00000000cda00000, 0x00000000cda00000| Untracked 
| 219|0x00000000cdb00000, 0x00000000cdb00000, 0x00000000cdc00000|  0%| F|  |TAMS 0x00000000cdb00000, 0x00000000cdb00000| Untracked 
| 220|0x00000000cdc00000, 0x00000000cdc00000, 0x00000000cdd00000|  0%| F|  |TAMS 0x00000000cdc00000, 0x00000000cdc00000| Untracked 
| 221|0x00000000cdd00000, 0x00000000cdd00000, 0x00000000cde00000|  0%| F|  |TAMS 0x00000000cdd00000, 0x00000000cdd00000| Untracked 
| 222|0x00000000cde00000, 0x00000000cde00000, 0x00000000cdf00000|  0%| F|  |TAMS 0x00000000cde00000, 0x00000000cde00000| Untracked 
| 223|0x00000000cdf00000, 0x00000000cdf00000, 0x00000000ce000000|  0%| F|  |TAMS 0x00000000cdf00000, 0x00000000cdf00000| Untracked 
| 224|0x00000000ce000000, 0x00000000ce000000, 0x00000000ce100000|  0%| F|  |TAMS 0x00000000ce000000, 0x00000000ce000000| Untracked 
| 225|0x00000000ce100000, 0x00000000ce100000, 0x00000000ce200000|  0%| F|  |TAMS 0x00000000ce100000, 0x00000000ce100000| Untracked 
| 226|0x00000000ce200000, 0x00000000ce200000, 0x00000000ce300000|  0%| F|  |TAMS 0x00000000ce200000, 0x00000000ce200000| Untracked 
| 227|0x00000000ce300000, 0x00000000ce300000, 0x00000000ce400000|  0%| F|  |TAMS 0x00000000ce300000, 0x00000000ce300000| Untracked 
| 228|0x00000000ce400000, 0x00000000ce400000, 0x00000000ce500000|  0%| F|  |TAMS 0x00000000ce400000, 0x00000000ce400000| Untracked 
| 229|0x00000000ce500000, 0x00000000ce500000, 0x00000000ce600000|  0%| F|  |TAMS 0x00000000ce500000, 0x00000000ce500000| Untracked 
| 230|0x00000000ce600000, 0x00000000ce600000, 0x00000000ce700000|  0%| F|  |TAMS 0x00000000ce600000, 0x00000000ce600000| Untracked 
| 231|0x00000000ce700000, 0x00000000ce700000, 0x00000000ce800000|  0%| F|  |TAMS 0x00000000ce700000, 0x00000000ce700000| Untracked 
| 232|0x00000000ce800000, 0x00000000ce800000, 0x00000000ce900000|  0%| F|  |TAMS 0x00000000ce800000, 0x00000000ce800000| Untracked 
| 233|0x00000000ce900000, 0x00000000ce900000, 0x00000000cea00000|  0%| F|  |TAMS 0x00000000ce900000, 0x00000000ce900000| Untracked 
| 234|0x00000000cea00000, 0x00000000cea00000, 0x00000000ceb00000|  0%| F|  |TAMS 0x00000000cea00000, 0x00000000cea00000| Untracked 
| 235|0x00000000ceb00000, 0x00000000ceb00000, 0x00000000cec00000|  0%| F|  |TAMS 0x00000000ceb00000, 0x00000000ceb00000| Untracked 
| 236|0x00000000cec00000, 0x00000000cec00000, 0x00000000ced00000|  0%| F|  |TAMS 0x00000000cec00000, 0x00000000cec00000| Untracked 
| 237|0x00000000ced00000, 0x00000000ced00000, 0x00000000cee00000|  0%| F|  |TAMS 0x00000000ced00000, 0x00000000ced00000| Untracked 
| 238|0x00000000cee00000, 0x00000000cee00000, 0x00000000cef00000|  0%| F|  |TAMS 0x00000000cee00000, 0x00000000cee00000| Untracked 
| 239|0x00000000cef00000, 0x00000000cef00000, 0x00000000cf000000|  0%| F|  |TAMS 0x00000000cef00000, 0x00000000cef00000| Untracked 
| 240|0x00000000cf000000, 0x00000000cf000000, 0x00000000cf100000|  0%| F|  |TAMS 0x00000000cf000000, 0x00000000cf000000| Untracked 
| 241|0x00000000cf100000, 0x00000000cf100000, 0x00000000cf200000|  0%| F|  |TAMS 0x00000000cf100000, 0x00000000cf100000| Untracked 
| 242|0x00000000cf200000, 0x00000000cf200000, 0x00000000cf300000|  0%| F|  |TAMS 0x00000000cf200000, 0x00000000cf200000| Untracked 
| 243|0x00000000cf300000, 0x00000000cf300000, 0x00000000cf400000|  0%| F|  |TAMS 0x00000000cf300000, 0x00000000cf300000| Untracked 
| 244|0x00000000cf400000, 0x00000000cf400000, 0x00000000cf500000|  0%| F|  |TAMS 0x00000000cf400000, 0x00000000cf400000| Untracked 
| 245|0x00000000cf500000, 0x00000000cf500000, 0x00000000cf600000|  0%| F|  |TAMS 0x00000000cf500000, 0x00000000cf500000| Untracked 
| 246|0x00000000cf600000, 0x00000000cf600000, 0x00000000cf700000|  0%| F|  |TAMS 0x00000000cf600000, 0x00000000cf600000| Untracked 
| 247|0x00000000cf700000, 0x00000000cf700000, 0x00000000cf800000|  0%| F|  |TAMS 0x00000000cf700000, 0x00000000cf700000| Untracked 
| 248|0x00000000cf800000, 0x00000000cf800000, 0x00000000cf900000|  0%| F|  |TAMS 0x00000000cf800000, 0x00000000cf800000| Untracked 
| 249|0x00000000cf900000, 0x00000000cf900000, 0x00000000cfa00000|  0%| F|  |TAMS 0x00000000cf900000, 0x00000000cf900000| Untracked 
| 250|0x00000000cfa00000, 0x00000000cfa00000, 0x00000000cfb00000|  0%| F|  |TAMS 0x00000000cfa00000, 0x00000000cfa00000| Untracked 
| 251|0x00000000cfb00000, 0x00000000cfb00000, 0x00000000cfc00000|  0%| F|  |TAMS 0x00000000cfb00000, 0x00000000cfb00000| Untracked 
| 252|0x00000000cfc00000, 0x00000000cfc00000, 0x00000000cfd00000|  0%| F|  |TAMS 0x00000000cfc00000, 0x00000000cfc00000| Untracked 
| 253|0x00000000cfd00000, 0x00000000cfd00000, 0x00000000cfe00000|  0%| F|  |TAMS 0x00000000cfd00000, 0x00000000cfd00000| Untracked 
| 254|0x00000000cfe00000, 0x00000000cfe00000, 0x00000000cff00000|  0%| F|  |TAMS 0x00000000cfe00000, 0x00000000cfe00000| Untracked 
| 255|0x00000000cff00000, 0x00000000cff00000, 0x00000000d0000000|  0%| F|  |TAMS 0x00000000cff00000, 0x00000000cff00000| Untracked 
| 256|0x00000000d0000000, 0x00000000d0000000, 0x00000000d0100000|  0%| F|  |TAMS 0x00000000d0000000, 0x00000000d0000000| Untracked 
| 257|0x00000000d0100000, 0x00000000d0100000, 0x00000000d0200000|  0%| F|  |TAMS 0x00000000d0100000, 0x00000000d0100000| Untracked 
| 258|0x00000000d0200000, 0x00000000d0200000, 0x00000000d0300000|  0%| F|  |TAMS 0x00000000d0200000, 0x00000000d0200000| Untracked 
| 259|0x00000000d0300000, 0x00000000d0300000, 0x00000000d0400000|  0%| F|  |TAMS 0x00000000d0300000, 0x00000000d0300000| Untracked 
| 260|0x00000000d0400000, 0x00000000d0400000, 0x00000000d0500000|  0%| F|  |TAMS 0x00000000d0400000, 0x00000000d0400000| Untracked 
| 261|0x00000000d0500000, 0x00000000d0500000, 0x00000000d0600000|  0%| F|  |TAMS 0x00000000d0500000, 0x00000000d0500000| Untracked 
| 262|0x00000000d0600000, 0x00000000d0600000, 0x00000000d0700000|  0%| F|  |TAMS 0x00000000d0600000, 0x00000000d0600000| Untracked 
| 263|0x00000000d0700000, 0x00000000d0700000, 0x00000000d0800000|  0%| F|  |TAMS 0x00000000d0700000, 0x00000000d0700000| Untracked 
| 264|0x00000000d0800000, 0x00000000d0800000, 0x00000000d0900000|  0%| F|  |TAMS 0x00000000d0800000, 0x00000000d0800000| Untracked 
| 265|0x00000000d0900000, 0x00000000d0900000, 0x00000000d0a00000|  0%| F|  |TAMS 0x00000000d0900000, 0x00000000d0900000| Untracked 
| 266|0x00000000d0a00000, 0x00000000d0a00000, 0x00000000d0b00000|  0%| F|  |TAMS 0x00000000d0a00000, 0x00000000d0a00000| Untracked 
| 267|0x00000000d0b00000, 0x00000000d0b00000, 0x00000000d0c00000|  0%| F|  |TAMS 0x00000000d0b00000, 0x00000000d0b00000| Untracked 
| 268|0x00000000d0c00000, 0x00000000d0c00000, 0x00000000d0d00000|  0%| F|  |TAMS 0x00000000d0c00000, 0x00000000d0c00000| Untracked 
| 269|0x00000000d0d00000, 0x00000000d0d00000, 0x00000000d0e00000|  0%| F|  |TAMS 0x00000000d0d00000, 0x00000000d0d00000| Untracked 
| 270|0x00000000d0e00000, 0x00000000d0e00000, 0x00000000d0f00000|  0%| F|  |TAMS 0x00000000d0e00000, 0x00000000d0e00000| Untracked 
| 271|0x00000000d0f00000, 0x00000000d0f00000, 0x00000000d1000000|  0%| F|  |TAMS 0x00000000d0f00000, 0x00000000d0f00000| Untracked 
| 272|0x00000000d1000000, 0x00000000d1000000, 0x00000000d1100000|  0%| F|  |TAMS 0x00000000d1000000, 0x00000000d1000000| Untracked 
| 273|0x00000000d1100000, 0x00000000d1100000, 0x00000000d1200000|  0%| F|  |TAMS 0x00000000d1100000, 0x00000000d1100000| Untracked 
| 274|0x00000000d1200000, 0x00000000d1200000, 0x00000000d1300000|  0%| F|  |TAMS 0x00000000d1200000, 0x00000000d1200000| Untracked 
| 275|0x00000000d1300000, 0x00000000d1300000, 0x00000000d1400000|  0%| F|  |TAMS 0x00000000d1300000, 0x00000000d1300000| Untracked 
| 276|0x00000000d1400000, 0x00000000d1400000, 0x00000000d1500000|  0%| F|  |TAMS 0x00000000d1400000, 0x00000000d1400000| Untracked 
| 277|0x00000000d1500000, 0x00000000d1500000, 0x00000000d1600000|  0%| F|  |TAMS 0x00000000d1500000, 0x00000000d1500000| Untracked 
| 278|0x00000000d1600000, 0x00000000d1600000, 0x00000000d1700000|  0%| F|  |TAMS 0x00000000d1600000, 0x00000000d1600000| Untracked 
| 279|0x00000000d1700000, 0x00000000d1700000, 0x00000000d1800000|  0%| F|  |TAMS 0x00000000d1700000, 0x00000000d1700000| Untracked 
| 280|0x00000000d1800000, 0x00000000d1800000, 0x00000000d1900000|  0%| F|  |TAMS 0x00000000d1800000, 0x00000000d1800000| Untracked 
| 281|0x00000000d1900000, 0x00000000d1900000, 0x00000000d1a00000|  0%| F|  |TAMS 0x00000000d1900000, 0x00000000d1900000| Untracked 
| 282|0x00000000d1a00000, 0x00000000d1a00000, 0x00000000d1b00000|  0%| F|  |TAMS 0x00000000d1a00000, 0x00000000d1a00000| Untracked 
| 283|0x00000000d1b00000, 0x00000000d1b00000, 0x00000000d1c00000|  0%| F|  |TAMS 0x00000000d1b00000, 0x00000000d1b00000| Untracked 
| 284|0x00000000d1c00000, 0x00000000d1c00000, 0x00000000d1d00000|  0%| F|  |TAMS 0x00000000d1c00000, 0x00000000d1c00000| Untracked 
| 285|0x00000000d1d00000, 0x00000000d1d00000, 0x00000000d1e00000|  0%| F|  |TAMS 0x00000000d1d00000, 0x00000000d1d00000| Untracked 
| 286|0x00000000d1e00000, 0x00000000d1e00000, 0x00000000d1f00000|  0%| F|  |TAMS 0x00000000d1e00000, 0x00000000d1e00000| Untracked 
| 287|0x00000000d1f00000, 0x00000000d1f00000, 0x00000000d2000000|  0%| F|  |TAMS 0x00000000d1f00000, 0x00000000d1f00000| Untracked 
| 288|0x00000000d2000000, 0x00000000d2000000, 0x00000000d2100000|  0%| F|  |TAMS 0x00000000d2000000, 0x00000000d2000000| Untracked 
| 289|0x00000000d2100000, 0x00000000d2100000, 0x00000000d2200000|  0%| F|  |TAMS 0x00000000d2100000, 0x00000000d2100000| Untracked 
| 290|0x00000000d2200000, 0x00000000d2200000, 0x00000000d2300000|  0%| F|  |TAMS 0x00000000d2200000, 0x00000000d2200000| Untracked 
| 291|0x00000000d2300000, 0x00000000d2300000, 0x00000000d2400000|  0%| F|  |TAMS 0x00000000d2300000, 0x00000000d2300000| Untracked 
| 292|0x00000000d2400000, 0x00000000d2400000, 0x00000000d2500000|  0%| F|  |TAMS 0x00000000d2400000, 0x00000000d2400000| Untracked 
| 293|0x00000000d2500000, 0x00000000d2500000, 0x00000000d2600000|  0%| F|  |TAMS 0x00000000d2500000, 0x00000000d2500000| Untracked 
| 294|0x00000000d2600000, 0x00000000d2600000, 0x00000000d2700000|  0%| F|  |TAMS 0x00000000d2600000, 0x00000000d2600000| Untracked 
| 295|0x00000000d2700000, 0x00000000d2700000, 0x00000000d2800000|  0%| F|  |TAMS 0x00000000d2700000, 0x00000000d2700000| Untracked 
| 296|0x00000000d2800000, 0x00000000d2800000, 0x00000000d2900000|  0%| F|  |TAMS 0x00000000d2800000, 0x00000000d2800000| Untracked 
| 297|0x00000000d2900000, 0x00000000d2900000, 0x00000000d2a00000|  0%| F|  |TAMS 0x00000000d2900000, 0x00000000d2900000| Untracked 
| 298|0x00000000d2a00000, 0x00000000d2a00000, 0x00000000d2b00000|  0%| F|  |TAMS 0x00000000d2a00000, 0x00000000d2a00000| Untracked 
| 299|0x00000000d2b00000, 0x00000000d2b00000, 0x00000000d2c00000|  0%| F|  |TAMS 0x00000000d2b00000, 0x00000000d2b00000| Untracked 
| 300|0x00000000d2c00000, 0x00000000d2c00000, 0x00000000d2d00000|  0%| F|  |TAMS 0x00000000d2c00000, 0x00000000d2c00000| Untracked 
| 301|0x00000000d2d00000, 0x00000000d2d00000, 0x00000000d2e00000|  0%| F|  |TAMS 0x00000000d2d00000, 0x00000000d2d00000| Untracked 
| 302|0x00000000d2e00000, 0x00000000d2e00000, 0x00000000d2f00000|  0%| F|  |TAMS 0x00000000d2e00000, 0x00000000d2e00000| Untracked 
| 303|0x00000000d2f00000, 0x00000000d2f00000, 0x00000000d3000000|  0%| F|  |TAMS 0x00000000d2f00000, 0x00000000d2f00000| Untracked 
| 304|0x00000000d3000000, 0x00000000d3000000, 0x00000000d3100000|  0%| F|  |TAMS 0x00000000d3000000, 0x00000000d3000000| Untracked 
| 305|0x00000000d3100000, 0x00000000d3100000, 0x00000000d3200000|  0%| F|  |TAMS 0x00000000d3100000, 0x00000000d3100000| Untracked 
| 306|0x00000000d3200000, 0x00000000d3200000, 0x00000000d3300000|  0%| F|  |TAMS 0x00000000d3200000, 0x00000000d3200000| Untracked 
| 307|0x00000000d3300000, 0x00000000d3300000, 0x00000000d3400000|  0%| F|  |TAMS 0x00000000d3300000, 0x00000000d3300000| Untracked 
| 308|0x00000000d3400000, 0x00000000d3400000, 0x00000000d3500000|  0%| F|  |TAMS 0x00000000d3400000, 0x00000000d3400000| Untracked 
| 309|0x00000000d3500000, 0x00000000d3500000, 0x00000000d3600000|  0%| F|  |TAMS 0x00000000d3500000, 0x00000000d3500000| Untracked 
| 310|0x00000000d3600000, 0x00000000d3600000, 0x00000000d3700000|  0%| F|  |TAMS 0x00000000d3600000, 0x00000000d3600000| Untracked 
| 311|0x00000000d3700000, 0x00000000d3700000, 0x00000000d3800000|  0%| F|  |TAMS 0x00000000d3700000, 0x00000000d3700000| Untracked 
| 312|0x00000000d3800000, 0x00000000d3800000, 0x00000000d3900000|  0%| F|  |TAMS 0x00000000d3800000, 0x00000000d3800000| Untracked 
| 313|0x00000000d3900000, 0x00000000d3900000, 0x00000000d3a00000|  0%| F|  |TAMS 0x00000000d3900000, 0x00000000d3900000| Untracked 
| 314|0x00000000d3a00000, 0x00000000d3a00000, 0x00000000d3b00000|  0%| F|  |TAMS 0x00000000d3a00000, 0x00000000d3a00000| Untracked 
| 315|0x00000000d3b00000, 0x00000000d3b00000, 0x00000000d3c00000|  0%| F|  |TAMS 0x00000000d3b00000, 0x00000000d3b00000| Untracked 
| 316|0x00000000d3c00000, 0x00000000d3c00000, 0x00000000d3d00000|  0%| F|  |TAMS 0x00000000d3c00000, 0x00000000d3c00000| Untracked 
| 317|0x00000000d3d00000, 0x00000000d3d00000, 0x00000000d3e00000|  0%| F|  |TAMS 0x00000000d3d00000, 0x00000000d3d00000| Untracked 
| 318|0x00000000d3e00000, 0x00000000d3e00000, 0x00000000d3f00000|  0%| F|  |TAMS 0x00000000d3e00000, 0x00000000d3e00000| Untracked 
| 319|0x00000000d3f00000, 0x00000000d3f00000, 0x00000000d4000000|  0%| F|  |TAMS 0x00000000d3f00000, 0x00000000d3f00000| Untracked 
| 320|0x00000000d4000000, 0x00000000d4000000, 0x00000000d4100000|  0%| F|  |TAMS 0x00000000d4000000, 0x00000000d4000000| Untracked 
| 321|0x00000000d4100000, 0x00000000d4100000, 0x00000000d4200000|  0%| F|  |TAMS 0x00000000d4100000, 0x00000000d4100000| Untracked 
| 322|0x00000000d4200000, 0x00000000d4200000, 0x00000000d4300000|  0%| F|  |TAMS 0x00000000d4200000, 0x00000000d4200000| Untracked 
| 323|0x00000000d4300000, 0x00000000d4300000, 0x00000000d4400000|  0%| F|  |TAMS 0x00000000d4300000, 0x00000000d4300000| Untracked 
| 324|0x00000000d4400000, 0x00000000d4400000, 0x00000000d4500000|  0%| F|  |TAMS 0x00000000d4400000, 0x00000000d4400000| Untracked 
| 325|0x00000000d4500000, 0x00000000d4500000, 0x00000000d4600000|  0%| F|  |TAMS 0x00000000d4500000, 0x00000000d4500000| Untracked 
| 326|0x00000000d4600000, 0x00000000d4600000, 0x00000000d4700000|  0%| F|  |TAMS 0x00000000d4600000, 0x00000000d4600000| Untracked 
| 327|0x00000000d4700000, 0x00000000d4700000, 0x00000000d4800000|  0%| F|  |TAMS 0x00000000d4700000, 0x00000000d4700000| Untracked 
| 328|0x00000000d4800000, 0x00000000d4800000, 0x00000000d4900000|  0%| F|  |TAMS 0x00000000d4800000, 0x00000000d4800000| Untracked 
| 329|0x00000000d4900000, 0x00000000d4900000, 0x00000000d4a00000|  0%| F|  |TAMS 0x00000000d4900000, 0x00000000d4900000| Untracked 
| 330|0x00000000d4a00000, 0x00000000d4a00000, 0x00000000d4b00000|  0%| F|  |TAMS 0x00000000d4a00000, 0x00000000d4a00000| Untracked 
| 331|0x00000000d4b00000, 0x00000000d4b00000, 0x00000000d4c00000|  0%| F|  |TAMS 0x00000000d4b00000, 0x00000000d4b00000| Untracked 
| 332|0x00000000d4c00000, 0x00000000d4c00000, 0x00000000d4d00000|  0%| F|  |TAMS 0x00000000d4c00000, 0x00000000d4c00000| Untracked 
| 333|0x00000000d4d00000, 0x00000000d4d00000, 0x00000000d4e00000|  0%| F|  |TAMS 0x00000000d4d00000, 0x00000000d4d00000| Untracked 
| 334|0x00000000d4e00000, 0x00000000d4e00000, 0x00000000d4f00000|  0%| F|  |TAMS 0x00000000d4e00000, 0x00000000d4e00000| Untracked 
| 335|0x00000000d4f00000, 0x00000000d4f00000, 0x00000000d5000000|  0%| F|  |TAMS 0x00000000d4f00000, 0x00000000d4f00000| Untracked 
| 336|0x00000000d5000000, 0x00000000d5000000, 0x00000000d5100000|  0%| F|  |TAMS 0x00000000d5000000, 0x00000000d5000000| Untracked 
| 337|0x00000000d5100000, 0x00000000d5100000, 0x00000000d5200000|  0%| F|  |TAMS 0x00000000d5100000, 0x00000000d5100000| Untracked 
| 338|0x00000000d5200000, 0x00000000d5200000, 0x00000000d5300000|  0%| F|  |TAMS 0x00000000d5200000, 0x00000000d5200000| Untracked 
| 339|0x00000000d5300000, 0x00000000d5300000, 0x00000000d5400000|  0%| F|  |TAMS 0x00000000d5300000, 0x00000000d5300000| Untracked 
| 340|0x00000000d5400000, 0x00000000d5400000, 0x00000000d5500000|  0%| F|  |TAMS 0x00000000d5400000, 0x00000000d5400000| Untracked 
| 341|0x00000000d5500000, 0x00000000d5500000, 0x00000000d5600000|  0%| F|  |TAMS 0x00000000d5500000, 0x00000000d5500000| Untracked 
| 342|0x00000000d5600000, 0x00000000d5600000, 0x00000000d5700000|  0%| F|  |TAMS 0x00000000d5600000, 0x00000000d5600000| Untracked 
| 343|0x00000000d5700000, 0x00000000d5700000, 0x00000000d5800000|  0%| F|  |TAMS 0x00000000d5700000, 0x00000000d5700000| Untracked 
| 344|0x00000000d5800000, 0x00000000d5800000, 0x00000000d5900000|  0%| F|  |TAMS 0x00000000d5800000, 0x00000000d5800000| Untracked 
| 345|0x00000000d5900000, 0x00000000d5900000, 0x00000000d5a00000|  0%| F|  |TAMS 0x00000000d5900000, 0x00000000d5900000| Untracked 
| 346|0x00000000d5a00000, 0x00000000d5a00000, 0x00000000d5b00000|  0%| F|  |TAMS 0x00000000d5a00000, 0x00000000d5a00000| Untracked 
| 347|0x00000000d5b00000, 0x00000000d5b00000, 0x00000000d5c00000|  0%| F|  |TAMS 0x00000000d5b00000, 0x00000000d5b00000| Untracked 
| 348|0x00000000d5c00000, 0x00000000d5c00000, 0x00000000d5d00000|  0%| F|  |TAMS 0x00000000d5c00000, 0x00000000d5c00000| Untracked 
| 349|0x00000000d5d00000, 0x00000000d5d00000, 0x00000000d5e00000|  0%| F|  |TAMS 0x00000000d5d00000, 0x00000000d5d00000| Untracked 
| 350|0x00000000d5e00000, 0x00000000d5e00000, 0x00000000d5f00000|  0%| F|  |TAMS 0x00000000d5e00000, 0x00000000d5e00000| Untracked 
| 351|0x00000000d5f00000, 0x00000000d5f00000, 0x00000000d6000000|  0%| F|  |TAMS 0x00000000d5f00000, 0x00000000d5f00000| Untracked 
| 352|0x00000000d6000000, 0x00000000d6000000, 0x00000000d6100000|  0%| F|  |TAMS 0x00000000d6000000, 0x00000000d6000000| Untracked 
| 353|0x00000000d6100000, 0x00000000d6100000, 0x00000000d6200000|  0%| F|  |TAMS 0x00000000d6100000, 0x00000000d6100000| Untracked 
| 354|0x00000000d6200000, 0x00000000d6200000, 0x00000000d6300000|  0%| F|  |TAMS 0x00000000d6200000, 0x00000000d6200000| Untracked 
| 355|0x00000000d6300000, 0x00000000d6300000, 0x00000000d6400000|  0%| F|  |TAMS 0x00000000d6300000, 0x00000000d6300000| Untracked 
| 356|0x00000000d6400000, 0x00000000d6400000, 0x00000000d6500000|  0%| F|  |TAMS 0x00000000d6400000, 0x00000000d6400000| Untracked 
| 357|0x00000000d6500000, 0x00000000d6500000, 0x00000000d6600000|  0%| F|  |TAMS 0x00000000d6500000, 0x00000000d6500000| Untracked 
| 358|0x00000000d6600000, 0x00000000d6600000, 0x00000000d6700000|  0%| F|  |TAMS 0x00000000d6600000, 0x00000000d6600000| Untracked 
| 359|0x00000000d6700000, 0x00000000d6700000, 0x00000000d6800000|  0%| F|  |TAMS 0x00000000d6700000, 0x00000000d6700000| Untracked 
| 360|0x00000000d6800000, 0x00000000d6800000, 0x00000000d6900000|  0%| F|  |TAMS 0x00000000d6800000, 0x00000000d6800000| Untracked 
| 361|0x00000000d6900000, 0x00000000d6900000, 0x00000000d6a00000|  0%| F|  |TAMS 0x00000000d6900000, 0x00000000d6900000| Untracked 
| 362|0x00000000d6a00000, 0x00000000d6a00000, 0x00000000d6b00000|  0%| F|  |TAMS 0x00000000d6a00000, 0x00000000d6a00000| Untracked 
| 363|0x00000000d6b00000, 0x00000000d6b00000, 0x00000000d6c00000|  0%| F|  |TAMS 0x00000000d6b00000, 0x00000000d6b00000| Untracked 
| 364|0x00000000d6c00000, 0x00000000d6c00000, 0x00000000d6d00000|  0%| F|  |TAMS 0x00000000d6c00000, 0x00000000d6c00000| Untracked 
| 365|0x00000000d6d00000, 0x00000000d6d00000, 0x00000000d6e00000|  0%| F|  |TAMS 0x00000000d6d00000, 0x00000000d6d00000| Untracked 
| 366|0x00000000d6e00000, 0x00000000d6e00000, 0x00000000d6f00000|  0%| F|  |TAMS 0x00000000d6e00000, 0x00000000d6e00000| Untracked 
| 367|0x00000000d6f00000, 0x00000000d6f00000, 0x00000000d7000000|  0%| F|  |TAMS 0x00000000d6f00000, 0x00000000d6f00000| Untracked 
| 368|0x00000000d7000000, 0x00000000d7000000, 0x00000000d7100000|  0%| F|  |TAMS 0x00000000d7000000, 0x00000000d7000000| Untracked 
| 369|0x00000000d7100000, 0x00000000d7100000, 0x00000000d7200000|  0%| F|  |TAMS 0x00000000d7100000, 0x00000000d7100000| Untracked 
| 370|0x00000000d7200000, 0x00000000d7200000, 0x00000000d7300000|  0%| F|  |TAMS 0x00000000d7200000, 0x00000000d7200000| Untracked 
| 371|0x00000000d7300000, 0x00000000d7300000, 0x00000000d7400000|  0%| F|  |TAMS 0x00000000d7300000, 0x00000000d7300000| Untracked 
| 372|0x00000000d7400000, 0x00000000d7400000, 0x00000000d7500000|  0%| F|  |TAMS 0x00000000d7400000, 0x00000000d7400000| Untracked 
| 373|0x00000000d7500000, 0x00000000d7500000, 0x00000000d7600000|  0%| F|  |TAMS 0x00000000d7500000, 0x00000000d7500000| Untracked 
| 374|0x00000000d7600000, 0x00000000d7600000, 0x00000000d7700000|  0%| F|  |TAMS 0x00000000d7600000, 0x00000000d7600000| Untracked 
| 375|0x00000000d7700000, 0x00000000d7700000, 0x00000000d7800000|  0%| F|  |TAMS 0x00000000d7700000, 0x00000000d7700000| Untracked 
| 376|0x00000000d7800000, 0x00000000d7800000, 0x00000000d7900000|  0%| F|  |TAMS 0x00000000d7800000, 0x00000000d7800000| Untracked 
| 377|0x00000000d7900000, 0x00000000d7900000, 0x00000000d7a00000|  0%| F|  |TAMS 0x00000000d7900000, 0x00000000d7900000| Untracked 
| 378|0x00000000d7a00000, 0x00000000d7a00000, 0x00000000d7b00000|  0%| F|  |TAMS 0x00000000d7a00000, 0x00000000d7a00000| Untracked 
| 379|0x00000000d7b00000, 0x00000000d7b00000, 0x00000000d7c00000|  0%| F|  |TAMS 0x00000000d7b00000, 0x00000000d7b00000| Untracked 
| 380|0x00000000d7c00000, 0x00000000d7c00000, 0x00000000d7d00000|  0%| F|  |TAMS 0x00000000d7c00000, 0x00000000d7c00000| Untracked 
| 381|0x00000000d7d00000, 0x00000000d7d00000, 0x00000000d7e00000|  0%| F|  |TAMS 0x00000000d7d00000, 0x00000000d7d00000| Untracked 
| 382|0x00000000d7e00000, 0x00000000d7e00000, 0x00000000d7f00000|  0%| F|  |TAMS 0x00000000d7e00000, 0x00000000d7e00000| Untracked 
| 383|0x00000000d7f00000, 0x00000000d7f00000, 0x00000000d8000000|  0%| F|  |TAMS 0x00000000d7f00000, 0x00000000d7f00000| Untracked 
| 384|0x00000000d8000000, 0x00000000d8000000, 0x00000000d8100000|  0%| F|  |TAMS 0x00000000d8000000, 0x00000000d8000000| Untracked 
| 385|0x00000000d8100000, 0x00000000d8100000, 0x00000000d8200000|  0%| F|  |TAMS 0x00000000d8100000, 0x00000000d8100000| Untracked 
| 386|0x00000000d8200000, 0x00000000d8200000, 0x00000000d8300000|  0%| F|  |TAMS 0x00000000d8200000, 0x00000000d8200000| Untracked 
| 387|0x00000000d8300000, 0x00000000d8300000, 0x00000000d8400000|  0%| F|  |TAMS 0x00000000d8300000, 0x00000000d8300000| Untracked 
| 388|0x00000000d8400000, 0x00000000d8400000, 0x00000000d8500000|  0%| F|  |TAMS 0x00000000d8400000, 0x00000000d8400000| Untracked 
| 389|0x00000000d8500000, 0x00000000d8500000, 0x00000000d8600000|  0%| F|  |TAMS 0x00000000d8500000, 0x00000000d8500000| Untracked 
| 390|0x00000000d8600000, 0x00000000d8600000, 0x00000000d8700000|  0%| F|  |TAMS 0x00000000d8600000, 0x00000000d8600000| Untracked 
| 391|0x00000000d8700000, 0x00000000d8700000, 0x00000000d8800000|  0%| F|  |TAMS 0x00000000d8700000, 0x00000000d8700000| Untracked 
| 392|0x00000000d8800000, 0x00000000d8800000, 0x00000000d8900000|  0%| F|  |TAMS 0x00000000d8800000, 0x00000000d8800000| Untracked 
| 393|0x00000000d8900000, 0x00000000d8900000, 0x00000000d8a00000|  0%| F|  |TAMS 0x00000000d8900000, 0x00000000d8900000| Untracked 
| 394|0x00000000d8a00000, 0x00000000d8a00000, 0x00000000d8b00000|  0%| F|  |TAMS 0x00000000d8a00000, 0x00000000d8a00000| Untracked 
| 395|0x00000000d8b00000, 0x00000000d8b00000, 0x00000000d8c00000|  0%| F|  |TAMS 0x00000000d8b00000, 0x00000000d8b00000| Untracked 
| 396|0x00000000d8c00000, 0x00000000d8c00000, 0x00000000d8d00000|  0%| F|  |TAMS 0x00000000d8c00000, 0x00000000d8c00000| Untracked 
| 397|0x00000000d8d00000, 0x00000000d8d00000, 0x00000000d8e00000|  0%| F|  |TAMS 0x00000000d8d00000, 0x00000000d8d00000| Untracked 
| 398|0x00000000d8e00000, 0x00000000d8e00000, 0x00000000d8f00000|  0%| F|  |TAMS 0x00000000d8e00000, 0x00000000d8e00000| Untracked 
| 399|0x00000000d8f00000, 0x00000000d8f00000, 0x00000000d9000000|  0%| F|  |TAMS 0x00000000d8f00000, 0x00000000d8f00000| Untracked 
| 400|0x00000000d9000000, 0x00000000d9000000, 0x00000000d9100000|  0%| F|  |TAMS 0x00000000d9000000, 0x00000000d9000000| Untracked 
| 401|0x00000000d9100000, 0x00000000d9100000, 0x00000000d9200000|  0%| F|  |TAMS 0x00000000d9100000, 0x00000000d9100000| Untracked 
| 402|0x00000000d9200000, 0x00000000d9200000, 0x00000000d9300000|  0%| F|  |TAMS 0x00000000d9200000, 0x00000000d9200000| Untracked 
| 403|0x00000000d9300000, 0x00000000d9300000, 0x00000000d9400000|  0%| F|  |TAMS 0x00000000d9300000, 0x00000000d9300000| Untracked 
| 404|0x00000000d9400000, 0x00000000d9400000, 0x00000000d9500000|  0%| F|  |TAMS 0x00000000d9400000, 0x00000000d9400000| Untracked 
| 405|0x00000000d9500000, 0x00000000d9500000, 0x00000000d9600000|  0%| F|  |TAMS 0x00000000d9500000, 0x00000000d9500000| Untracked 
| 406|0x00000000d9600000, 0x00000000d9600000, 0x00000000d9700000|  0%| F|  |TAMS 0x00000000d9600000, 0x00000000d9600000| Untracked 
| 407|0x00000000d9700000, 0x00000000d9700000, 0x00000000d9800000|  0%| F|  |TAMS 0x00000000d9700000, 0x00000000d9700000| Untracked 
| 408|0x00000000d9800000, 0x00000000d9800000, 0x00000000d9900000|  0%| F|  |TAMS 0x00000000d9800000, 0x00000000d9800000| Untracked 
| 409|0x00000000d9900000, 0x00000000d9900000, 0x00000000d9a00000|  0%| F|  |TAMS 0x00000000d9900000, 0x00000000d9900000| Untracked 
| 410|0x00000000d9a00000, 0x00000000d9a00000, 0x00000000d9b00000|  0%| F|  |TAMS 0x00000000d9a00000, 0x00000000d9a00000| Untracked 
| 411|0x00000000d9b00000, 0x00000000d9b00000, 0x00000000d9c00000|  0%| F|  |TAMS 0x00000000d9b00000, 0x00000000d9b00000| Untracked 
| 412|0x00000000d9c00000, 0x00000000d9c00000, 0x00000000d9d00000|  0%| F|  |TAMS 0x00000000d9c00000, 0x00000000d9c00000| Untracked 
| 413|0x00000000d9d00000, 0x00000000d9d00000, 0x00000000d9e00000|  0%| F|  |TAMS 0x00000000d9d00000, 0x00000000d9d00000| Untracked 
| 414|0x00000000d9e00000, 0x00000000d9e00000, 0x00000000d9f00000|  0%| F|  |TAMS 0x00000000d9e00000, 0x00000000d9e00000| Untracked 
| 415|0x00000000d9f00000, 0x00000000d9f00000, 0x00000000da000000|  0%| F|  |TAMS 0x00000000d9f00000, 0x00000000d9f00000| Untracked 
| 416|0x00000000da000000, 0x00000000da000000, 0x00000000da100000|  0%| F|  |TAMS 0x00000000da000000, 0x00000000da000000| Untracked 
| 417|0x00000000da100000, 0x00000000da100000, 0x00000000da200000|  0%| F|  |TAMS 0x00000000da100000, 0x00000000da100000| Untracked 
| 418|0x00000000da200000, 0x00000000da200000, 0x00000000da300000|  0%| F|  |TAMS 0x00000000da200000, 0x00000000da200000| Untracked 
| 419|0x00000000da300000, 0x00000000da300000, 0x00000000da400000|  0%| F|  |TAMS 0x00000000da300000, 0x00000000da300000| Untracked 
| 420|0x00000000da400000, 0x00000000da400000, 0x00000000da500000|  0%| F|  |TAMS 0x00000000da400000, 0x00000000da400000| Untracked 
| 421|0x00000000da500000, 0x00000000da500000, 0x00000000da600000|  0%| F|  |TAMS 0x00000000da500000, 0x00000000da500000| Untracked 
| 422|0x00000000da600000, 0x00000000da600000, 0x00000000da700000|  0%| F|  |TAMS 0x00000000da600000, 0x00000000da600000| Untracked 
| 423|0x00000000da700000, 0x00000000da700000, 0x00000000da800000|  0%| F|  |TAMS 0x00000000da700000, 0x00000000da700000| Untracked 
| 424|0x00000000da800000, 0x00000000da800000, 0x00000000da900000|  0%| F|  |TAMS 0x00000000da800000, 0x00000000da800000| Untracked 
| 425|0x00000000da900000, 0x00000000da900000, 0x00000000daa00000|  0%| F|  |TAMS 0x00000000da900000, 0x00000000da900000| Untracked 
| 426|0x00000000daa00000, 0x00000000daa00000, 0x00000000dab00000|  0%| F|  |TAMS 0x00000000daa00000, 0x00000000daa00000| Untracked 
| 427|0x00000000dab00000, 0x00000000dab00000, 0x00000000dac00000|  0%| F|  |TAMS 0x00000000dab00000, 0x00000000dab00000| Untracked 
| 428|0x00000000dac00000, 0x00000000dac00000, 0x00000000dad00000|  0%| F|  |TAMS 0x00000000dac00000, 0x00000000dac00000| Untracked 
| 429|0x00000000dad00000, 0x00000000dad00000, 0x00000000dae00000|  0%| F|  |TAMS 0x00000000dad00000, 0x00000000dad00000| Untracked 
| 430|0x00000000dae00000, 0x00000000dae00000, 0x00000000daf00000|  0%| F|  |TAMS 0x00000000dae00000, 0x00000000dae00000| Untracked 
| 431|0x00000000daf00000, 0x00000000daf00000, 0x00000000db000000|  0%| F|  |TAMS 0x00000000daf00000, 0x00000000daf00000| Untracked 
| 432|0x00000000db000000, 0x00000000db000000, 0x00000000db100000|  0%| F|  |TAMS 0x00000000db000000, 0x00000000db000000| Untracked 
| 433|0x00000000db100000, 0x00000000db100000, 0x00000000db200000|  0%| F|  |TAMS 0x00000000db100000, 0x00000000db100000| Untracked 
| 434|0x00000000db200000, 0x00000000db200000, 0x00000000db300000|  0%| F|  |TAMS 0x00000000db200000, 0x00000000db200000| Untracked 
| 435|0x00000000db300000, 0x00000000db300000, 0x00000000db400000|  0%| F|  |TAMS 0x00000000db300000, 0x00000000db300000| Untracked 
| 436|0x00000000db400000, 0x00000000db400000, 0x00000000db500000|  0%| F|  |TAMS 0x00000000db400000, 0x00000000db400000| Untracked 
| 437|0x00000000db500000, 0x00000000db500000, 0x00000000db600000|  0%| F|  |TAMS 0x00000000db500000, 0x00000000db500000| Untracked 
| 438|0x00000000db600000, 0x00000000db600000, 0x00000000db700000|  0%| F|  |TAMS 0x00000000db600000, 0x00000000db600000| Untracked 
| 439|0x00000000db700000, 0x00000000db700000, 0x00000000db800000|  0%| F|  |TAMS 0x00000000db700000, 0x00000000db700000| Untracked 
| 440|0x00000000db800000, 0x00000000db800000, 0x00000000db900000|  0%| F|  |TAMS 0x00000000db800000, 0x00000000db800000| Untracked 
| 441|0x00000000db900000, 0x00000000db900000, 0x00000000dba00000|  0%| F|  |TAMS 0x00000000db900000, 0x00000000db900000| Untracked 
| 442|0x00000000dba00000, 0x00000000dba00000, 0x00000000dbb00000|  0%| F|  |TAMS 0x00000000dba00000, 0x00000000dba00000| Untracked 
| 443|0x00000000dbb00000, 0x00000000dbb00000, 0x00000000dbc00000|  0%| F|  |TAMS 0x00000000dbb00000, 0x00000000dbb00000| Untracked 
| 444|0x00000000dbc00000, 0x00000000dbc00000, 0x00000000dbd00000|  0%| F|  |TAMS 0x00000000dbc00000, 0x00000000dbc00000| Untracked 
| 445|0x00000000dbd00000, 0x00000000dbd00000, 0x00000000dbe00000|  0%| F|  |TAMS 0x00000000dbd00000, 0x00000000dbd00000| Untracked 
| 446|0x00000000dbe00000, 0x00000000dbe00000, 0x00000000dbf00000|  0%| F|  |TAMS 0x00000000dbe00000, 0x00000000dbe00000| Untracked 
| 447|0x00000000dbf00000, 0x00000000dbf00000, 0x00000000dc000000|  0%| F|  |TAMS 0x00000000dbf00000, 0x00000000dbf00000| Untracked 
| 448|0x00000000dc000000, 0x00000000dc000000, 0x00000000dc100000|  0%| F|  |TAMS 0x00000000dc000000, 0x00000000dc000000| Untracked 
| 449|0x00000000dc100000, 0x00000000dc100000, 0x00000000dc200000|  0%| F|  |TAMS 0x00000000dc100000, 0x00000000dc100000| Untracked 
| 450|0x00000000dc200000, 0x00000000dc200000, 0x00000000dc300000|  0%| F|  |TAMS 0x00000000dc200000, 0x00000000dc200000| Untracked 
| 451|0x00000000dc300000, 0x00000000dc300000, 0x00000000dc400000|  0%| F|  |TAMS 0x00000000dc300000, 0x00000000dc300000| Untracked 
| 452|0x00000000dc400000, 0x00000000dc400000, 0x00000000dc500000|  0%| F|  |TAMS 0x00000000dc400000, 0x00000000dc400000| Untracked 
| 453|0x00000000dc500000, 0x00000000dc500000, 0x00000000dc600000|  0%| F|  |TAMS 0x00000000dc500000, 0x00000000dc500000| Untracked 
| 454|0x00000000dc600000, 0x00000000dc600000, 0x00000000dc700000|  0%| F|  |TAMS 0x00000000dc600000, 0x00000000dc600000| Untracked 
| 455|0x00000000dc700000, 0x00000000dc700000, 0x00000000dc800000|  0%| F|  |TAMS 0x00000000dc700000, 0x00000000dc700000| Untracked 
| 456|0x00000000dc800000, 0x00000000dc800000, 0x00000000dc900000|  0%| F|  |TAMS 0x00000000dc800000, 0x00000000dc800000| Untracked 
| 457|0x00000000dc900000, 0x00000000dc900000, 0x00000000dca00000|  0%| F|  |TAMS 0x00000000dc900000, 0x00000000dc900000| Untracked 
| 458|0x00000000dca00000, 0x00000000dca00000, 0x00000000dcb00000|  0%| F|  |TAMS 0x00000000dca00000, 0x00000000dca00000| Untracked 
| 459|0x00000000dcb00000, 0x00000000dcb00000, 0x00000000dcc00000|  0%| F|  |TAMS 0x00000000dcb00000, 0x00000000dcb00000| Untracked 
| 460|0x00000000dcc00000, 0x00000000dcc00000, 0x00000000dcd00000|  0%| F|  |TAMS 0x00000000dcc00000, 0x00000000dcc00000| Untracked 
| 461|0x00000000dcd00000, 0x00000000dcd00000, 0x00000000dce00000|  0%| F|  |TAMS 0x00000000dcd00000, 0x00000000dcd00000| Untracked 
| 462|0x00000000dce00000, 0x00000000dce00000, 0x00000000dcf00000|  0%| F|  |TAMS 0x00000000dce00000, 0x00000000dce00000| Untracked 
| 463|0x00000000dcf00000, 0x00000000dcf00000, 0x00000000dd000000|  0%| F|  |TAMS 0x00000000dcf00000, 0x00000000dcf00000| Untracked 
| 464|0x00000000dd000000, 0x00000000dd000000, 0x00000000dd100000|  0%| F|  |TAMS 0x00000000dd000000, 0x00000000dd000000| Untracked 
| 465|0x00000000dd100000, 0x00000000dd100000, 0x00000000dd200000|  0%| F|  |TAMS 0x00000000dd100000, 0x00000000dd100000| Untracked 
| 466|0x00000000dd200000, 0x00000000dd200000, 0x00000000dd300000|  0%| F|  |TAMS 0x00000000dd200000, 0x00000000dd200000| Untracked 
| 467|0x00000000dd300000, 0x00000000dd300000, 0x00000000dd400000|  0%| F|  |TAMS 0x00000000dd300000, 0x00000000dd300000| Untracked 
| 468|0x00000000dd400000, 0x00000000dd400000, 0x00000000dd500000|  0%| F|  |TAMS 0x00000000dd400000, 0x00000000dd400000| Untracked 
| 469|0x00000000dd500000, 0x00000000dd500000, 0x00000000dd600000|  0%| F|  |TAMS 0x00000000dd500000, 0x00000000dd500000| Untracked 
| 470|0x00000000dd600000, 0x00000000dd600000, 0x00000000dd700000|  0%| F|  |TAMS 0x00000000dd600000, 0x00000000dd600000| Untracked 
| 471|0x00000000dd700000, 0x00000000dd700000, 0x00000000dd800000|  0%| F|  |TAMS 0x00000000dd700000, 0x00000000dd700000| Untracked 
| 472|0x00000000dd800000, 0x00000000dd800000, 0x00000000dd900000|  0%| F|  |TAMS 0x00000000dd800000, 0x00000000dd800000| Untracked 
| 473|0x00000000dd900000, 0x00000000dd900000, 0x00000000dda00000|  0%| F|  |TAMS 0x00000000dd900000, 0x00000000dd900000| Untracked 
| 474|0x00000000dda00000, 0x00000000dda00000, 0x00000000ddb00000|  0%| F|  |TAMS 0x00000000dda00000, 0x00000000dda00000| Untracked 
| 475|0x00000000ddb00000, 0x00000000ddb00000, 0x00000000ddc00000|  0%| F|  |TAMS 0x00000000ddb00000, 0x00000000ddb00000| Untracked 
| 476|0x00000000ddc00000, 0x00000000ddc00000, 0x00000000ddd00000|  0%| F|  |TAMS 0x00000000ddc00000, 0x00000000ddc00000| Untracked 
| 477|0x00000000ddd00000, 0x00000000ddd00000, 0x00000000dde00000|  0%| F|  |TAMS 0x00000000ddd00000, 0x00000000ddd00000| Untracked 
| 478|0x00000000dde00000, 0x00000000dde00000, 0x00000000ddf00000|  0%| F|  |TAMS 0x00000000dde00000, 0x00000000dde00000| Untracked 
| 479|0x00000000ddf00000, 0x00000000ddf00000, 0x00000000de000000|  0%| F|  |TAMS 0x00000000ddf00000, 0x00000000ddf00000| Untracked 
| 480|0x00000000de000000, 0x00000000de000000, 0x00000000de100000|  0%| F|  |TAMS 0x00000000de000000, 0x00000000de000000| Untracked 
| 481|0x00000000de100000, 0x00000000de100000, 0x00000000de200000|  0%| F|  |TAMS 0x00000000de100000, 0x00000000de100000| Untracked 
| 482|0x00000000de200000, 0x00000000de200000, 0x00000000de300000|  0%| F|  |TAMS 0x00000000de200000, 0x00000000de200000| Untracked 
| 483|0x00000000de300000, 0x00000000de400000, 0x00000000de400000|100%| S|CS|TAMS 0x00000000de300000, 0x00000000de300000| Complete 
| 484|0x00000000de400000, 0x00000000de500000, 0x00000000de500000|100%| S|CS|TAMS 0x00000000de400000, 0x00000000de400000| Complete 
| 485|0x00000000de500000, 0x00000000de600000, 0x00000000de600000|100%| S|CS|TAMS 0x00000000de500000, 0x00000000de500000| Complete 
| 486|0x00000000de600000, 0x00000000de700000, 0x00000000de700000|100%| S|CS|TAMS 0x00000000de600000, 0x00000000de600000| Complete 
| 487|0x00000000de700000, 0x00000000de700000, 0x00000000de800000|  0%| F|  |TAMS 0x00000000de700000, 0x00000000de700000| Untracked 
| 488|0x00000000de800000, 0x00000000de800000, 0x00000000de900000|  0%| F|  |TAMS 0x00000000de800000, 0x00000000de800000| Untracked 
| 489|0x00000000de900000, 0x00000000de900000, 0x00000000dea00000|  0%| F|  |TAMS 0x00000000de900000, 0x00000000de900000| Untracked 
| 490|0x00000000dea00000, 0x00000000dea00000, 0x00000000deb00000|  0%| F|  |TAMS 0x00000000dea00000, 0x00000000dea00000| Untracked 
| 491|0x00000000deb00000, 0x00000000deb00000, 0x00000000dec00000|  0%| F|  |TAMS 0x00000000deb00000, 0x00000000deb00000| Untracked 
| 492|0x00000000dec00000, 0x00000000dec00000, 0x00000000ded00000|  0%| F|  |TAMS 0x00000000dec00000, 0x00000000dec00000| Untracked 
| 493|0x00000000ded00000, 0x00000000ded00000, 0x00000000dee00000|  0%| F|  |TAMS 0x00000000ded00000, 0x00000000ded00000| Untracked 
| 494|0x00000000dee00000, 0x00000000dee00000, 0x00000000def00000|  0%| F|  |TAMS 0x00000000dee00000, 0x00000000dee00000| Untracked 
| 495|0x00000000def00000, 0x00000000def00000, 0x00000000df000000|  0%| F|  |TAMS 0x00000000def00000, 0x00000000def00000| Untracked 
| 496|0x00000000df000000, 0x00000000df000000, 0x00000000df100000|  0%| F|  |TAMS 0x00000000df000000, 0x00000000df000000| Untracked 
| 497|0x00000000df100000, 0x00000000df100000, 0x00000000df200000|  0%| F|  |TAMS 0x00000000df100000, 0x00000000df100000| Untracked 
| 498|0x00000000df200000, 0x00000000df200000, 0x00000000df300000|  0%| F|  |TAMS 0x00000000df200000, 0x00000000df200000| Untracked 
| 499|0x00000000df300000, 0x00000000df300000, 0x00000000df400000|  0%| F|  |TAMS 0x00000000df300000, 0x00000000df300000| Untracked 
| 500|0x00000000df400000, 0x00000000df400000, 0x00000000df500000|  0%| F|  |TAMS 0x00000000df400000, 0x00000000df400000| Untracked 
| 501|0x00000000df500000, 0x00000000df500000, 0x00000000df600000|  0%| F|  |TAMS 0x00000000df500000, 0x00000000df500000| Untracked 
| 502|0x00000000df600000, 0x00000000df600000, 0x00000000df700000|  0%| F|  |TAMS 0x00000000df600000, 0x00000000df600000| Untracked 
| 503|0x00000000df700000, 0x00000000df700000, 0x00000000df800000|  0%| F|  |TAMS 0x00000000df700000, 0x00000000df700000| Untracked 
| 504|0x00000000df800000, 0x00000000df900000, 0x00000000df900000|100%| E|  |TAMS 0x00000000df800000, 0x00000000df800000| Complete 
| 505|0x00000000df900000, 0x00000000dfa00000, 0x00000000dfa00000|100%| E|CS|TAMS 0x00000000df900000, 0x00000000df900000| Complete 
| 506|0x00000000dfa00000, 0x00000000dfb00000, 0x00000000dfb00000|100%| E|CS|TAMS 0x00000000dfa00000, 0x00000000dfa00000| Complete 
| 507|0x00000000dfb00000, 0x00000000dfc00000, 0x00000000dfc00000|100%| E|CS|TAMS 0x00000000dfb00000, 0x00000000dfb00000| Complete 
| 508|0x00000000dfc00000, 0x00000000dfd00000, 0x00000000dfd00000|100%| E|CS|TAMS 0x00000000dfc00000, 0x00000000dfc00000| Complete 
| 509|0x00000000dfd00000, 0x00000000dfe00000, 0x00000000dfe00000|100%| E|CS|TAMS 0x00000000dfd00000, 0x00000000dfd00000| Complete 
| 510|0x00000000dfe00000, 0x00000000dff00000, 0x00000000dff00000|100%| E|CS|TAMS 0x00000000dfe00000, 0x00000000dfe00000| Complete 
| 511|0x00000000dff00000, 0x00000000e0000000, 0x00000000e0000000|100%| E|CS|TAMS 0x00000000dff00000, 0x00000000dff00000| Complete 

Card table byte_map: [0x00000288fa380000,0x00000288fa580000] _byte_map_base: 0x00000288f9d80000

Marking Bits (Prev, Next): (CMBitMap*) 0x00000288e2bece60, (CMBitMap*) 0x00000288e2becea0
 Prev Bits: [0x00000288fa780000, 0x00000288fb780000)
 Next Bits: [0x00000288fb780000, 0x00000288fc780000)

Polling page: 0x00000288e0770000

Metaspace:

Usage:
  Non-class:      7.37 MB used.
      Class:      1.14 MB used.
       Both:      8.52 MB used.

Virtual space:
  Non-class space:       64.00 MB reserved,       7.50 MB ( 12%) committed,  1 nodes.
      Class space:        1.00 GB reserved,       1.31 MB ( <1%) committed,  1 nodes.
             Both:        1.06 GB reserved,       8.81 MB ( <1%) committed. 

Chunk freelists:
   Non-Class:  8.38 MB
       Class:  14.67 MB
        Both:  23.05 MB

MaxMetaspaceSize: unlimited
CompressedClassSpaceSize: 1.00 GB
Initial GC threshold: 21.00 MB
Current GC threshold: 21.00 MB
CDS: on
MetaspaceReclaimPolicy: balanced
 - commit_granule_bytes: 65536.
 - commit_granule_words: 8192.
 - virtual_space_node_default_size: 8388608.
 - enlarge_chunks_in_place: 1.
 - new_chunks_are_fully_committed: 0.
 - uncommit_free_chunks: 1.
 - use_allocation_guard: 0.
 - handle_deallocations: 1.


Internal statistics:

num_allocs_failed_limit: 0.
num_arena_births: 150.
num_arena_deaths: 0.
num_vsnodes_births: 2.
num_vsnodes_deaths: 0.
num_space_committed: 141.
num_space_uncommitted: 0.
num_chunks_returned_to_freelist: 0.
num_chunks_taken_from_freelist: 442.
num_chunk_merges: 0.
num_chunk_splits: 245.
num_chunks_enlarged: 151.
num_inconsistent_stats: 0.

CodeHeap 'non-profiled nmethods': size=119168Kb used=519Kb max_used=519Kb free=118648Kb
 bounds [0x00000288f2280000, 0x00000288f24f0000, 0x00000288f96e0000]
CodeHeap 'profiled nmethods': size=119104Kb used=3354Kb max_used=3354Kb free=115749Kb
 bounds [0x00000288ea6e0000, 0x00000288eaa30000, 0x00000288f1b30000]
CodeHeap 'non-nmethods': size=7488Kb used=2858Kb max_used=2872Kb free=4629Kb
 bounds [0x00000288f1b30000, 0x00000288f1e00000, 0x00000288f2280000]
 total_blobs=2075 nmethods=1608 adapters=377
 compilation: enabled
              stopped_count=0, restarted_count=0
 full_count=0

Compilation events (20 events):
Event: 1.157 Thread 0x00000288c548a2a0 nmethod 1599 0x00000288eaa1aa10 code [0x00000288eaa1ac80, 0x00000288eaa1b638]
Event: 1.157 Thread 0x00000288ffbbe500 nmethod 1598 0x00000288eaa1b910 code [0x00000288eaa1bc40, 0x00000288eaa1d308]
Event: 1.158 Thread 0x00000288c548a2a0 1600       3       java.util.regex.Pattern::peek (26 bytes)
Event: 1.159 Thread 0x00000288c548a2a0 nmethod 1600 0x00000288eaa1dc10 code [0x00000288eaa1ddc0, 0x00000288eaa1e028]
Event: 1.160 Thread 0x00000288c548a2a0 1601       3       java.lang.invoke.InnerClassLambdaMetafactory::spinInnerClass (118 bytes)
Event: 1.160 Thread 0x00000288ffcd3850 1602       3       java.lang.invoke.LambdaProxyClassArchive::find (63 bytes)
Event: 1.160 Thread 0x00000288c545edb0 1603       3       java.lang.invoke.LambdaProxyClassArchive::loadedByBuiltinLoader (22 bytes)
Event: 1.161 Thread 0x00000288c548a2a0 nmethod 1601 0x00000288eaa1e190 code [0x00000288eaa1e360, 0x00000288eaa1e658]
Event: 1.161 Thread 0x00000288c548a2a0 1604       3       java.lang.String::hashCode (60 bytes)
Event: 1.161 Thread 0x00000288ffcd3850 nmethod 1602 0x00000288eaa1e710 code [0x00000288eaa1e940, 0x00000288eaa1f218]
Event: 1.161 Thread 0x00000288c548a2a0 nmethod 1604 0x00000288eaa1f510 code [0x00000288eaa1f6e0, 0x00000288eaa1fa58]
Event: 1.161 Thread 0x00000288c545edb0 nmethod 1603 0x00000288eaa1fb10 code [0x00000288eaa1fd60, 0x00000288eaa208b8]
Event: 1.162 Thread 0x00000288ffcd3850 1605       3       java.util.stream.AbstractPipeline::sourceSpliterator (265 bytes)
Event: 1.162 Thread 0x00000288ffbbe500 1606       3       java.util.stream.AbstractPipeline::wrapSink (37 bytes)
Event: 1.162 Thread 0x00000288c548a2a0 1607       3       java.lang.invoke.LambdaForm$DMH/0x0000028881104000::invokeStatic (31 bytes)
Event: 1.162 Thread 0x00000288c545edb0 1608   !   3       java.lang.invoke.InnerClassLambdaMetafactory::buildCallSite (201 bytes)
Event: 1.162 Thread 0x00000288ffbbe500 nmethod 1606 0x00000288eaa20c10 code [0x00000288eaa20de0, 0x00000288eaa211f8]
Event: 1.162 Thread 0x00000288c548a2a0 nmethod 1607 0x00000288eaa21390 code [0x00000288eaa21560, 0x00000288eaa21a18]
Event: 1.163 Thread 0x00000288ffcd3850 nmethod 1605 0x00000288eaa21b10 code [0x00000288eaa21d80, 0x00000288eaa22b68]
Event: 1.164 Thread 0x00000288c545edb0 nmethod 1608 0x00000288eaa23010 code [0x00000288eaa234e0, 0x00000288eaa25978]

GC Heap History (2 events):
Event: 0.967 GC heap before
{Heap before GC invocations=0 (full 0):
 garbage-first heap   total 524288K, used 25600K [0x00000000c0000000, 0x0000000100000000)
  region size 1024K, 25 young (25600K), 0 survivors (0K)
 Metaspace       used 7370K, committed 7552K, reserved 1114112K
  class space    used 942K, committed 1024K, reserved 1048576K
}
Event: 0.971 GC heap after
{Heap after GC invocations=1 (full 0):
 garbage-first heap   total 524288K, used 4725K [0x00000000c0000000, 0x0000000100000000)
  region size 1024K, 4 young (4096K), 4 survivors (4096K)
 Metaspace       used 7370K, committed 7552K, reserved 1114112K
  class space    used 942K, committed 1024K, reserved 1048576K
}

Dll operation events (10 events):
Event: 0.012 Loaded shared library C:\Program Files\Eclipse Adoptium\jdk-17.0.12.7-hotspot\bin\java.dll
Event: 0.035 Loaded shared library C:\Program Files\Eclipse Adoptium\jdk-17.0.12.7-hotspot\bin\jsvml.dll
Event: 0.106 Loaded shared library C:\Program Files\Eclipse Adoptium\jdk-17.0.12.7-hotspot\bin\net.dll
Event: 0.108 Loaded shared library C:\Program Files\Eclipse Adoptium\jdk-17.0.12.7-hotspot\bin\nio.dll
Event: 0.113 Loaded shared library C:\Program Files\Eclipse Adoptium\jdk-17.0.12.7-hotspot\bin\zip.dll
Event: 0.183 Loaded shared library C:\Program Files\Eclipse Adoptium\jdk-17.0.12.7-hotspot\bin\verify.dll
Event: 0.190 Loaded shared library C:\Program Files\Eclipse Adoptium\jdk-17.0.12.7-hotspot\bin\jimage.dll
Event: 0.496 Loaded shared library C:\Program Files\Eclipse Adoptium\jdk-17.0.12.7-hotspot\bin\extnet.dll
Event: 0.602 Loaded shared library C:\Program Files\Eclipse Adoptium\jdk-17.0.12.7-hotspot\bin\sunmscapi.dll
Event: 1.176 Loaded shared library C:\Users\6390\Documents\GitHub\FRC-Athena\athena-core\build\wpilib-test-natives\windows\x86-64\shared\ntcorejni.dll

Deoptimization events (20 events):
Event: 0.910 Thread 0x00000288e2bac4b0 DEOPT PACKING pc=0x00000288f22e82b4 sp=0x000000e1ecafc010
Event: 0.910 Thread 0x00000288e2bac4b0 DEOPT UNPACKING pc=0x00000288f1b869a3 sp=0x000000e1ecafbf98 mode 2
Event: 0.910 Thread 0x00000288e2bac4b0 Uncommon trap: trap_request=0xffffffde fr.pc=0x00000288f22e82b4 relative=0x0000000000000114
Event: 0.910 Thread 0x00000288e2bac4b0 Uncommon trap: reason=class_check action=maybe_recompile pc=0x00000288f22e82b4 method=jdk.internal.misc.Unsafe.allocateUninitializedArray(Ljava/lang/Class;I)Ljava/lang/Object; @ 51 c2
Event: 0.910 Thread 0x00000288e2bac4b0 DEOPT PACKING pc=0x00000288f22e82b4 sp=0x000000e1ecafc010
Event: 0.910 Thread 0x00000288e2bac4b0 DEOPT UNPACKING pc=0x00000288f1b869a3 sp=0x000000e1ecafbf98 mode 2
Event: 0.910 Thread 0x00000288e2bac4b0 Uncommon trap: trap_request=0xffffffde fr.pc=0x00000288f22e82b4 relative=0x0000000000000114
Event: 0.910 Thread 0x00000288e2bac4b0 Uncommon trap: reason=class_check action=maybe_recompile pc=0x00000288f22e82b4 method=jdk.internal.misc.Unsafe.allocateUninitializedArray(Ljava/lang/Class;I)Ljava/lang/Object; @ 51 c2
Event: 0.910 Thread 0x00000288e2bac4b0 DEOPT PACKING pc=0x00000288f22e82b4 sp=0x000000e1ecafc020
Event: 0.910 Thread 0x00000288e2bac4b0 DEOPT UNPACKING pc=0x00000288f1b869a3 sp=0x000000e1ecafbfa8 mode 2
Event: 0.910 Thread 0x00000288e2bac4b0 Uncommon trap: trap_request=0xffffffde fr.pc=0x00000288f22e82b4 relative=0x0000000000000114
Event: 0.910 Thread 0x00000288e2bac4b0 Uncommon trap: reason=class_check action=maybe_recompile pc=0x00000288f22e82b4 method=jdk.internal.misc.Unsafe.allocateUninitializedArray(Ljava/lang/Class;I)Ljava/lang/Object; @ 51 c2
Event: 0.910 Thread 0x00000288e2bac4b0 DEOPT PACKING pc=0x00000288f22e82b4 sp=0x000000e1ecafbfa0
Event: 0.910 Thread 0x00000288e2bac4b0 DEOPT UNPACKING pc=0x00000288f1b869a3 sp=0x000000e1ecafbf28 mode 2
Event: 0.956 Thread 0x00000288e2bac4b0 DEOPT PACKING pc=0x00000288ea728388 sp=0x000000e1ecafb8d0
Event: 0.956 Thread 0x00000288e2bac4b0 DEOPT UNPACKING pc=0x00000288f1b87143 sp=0x000000e1ecafadd8 mode 0
Event: 1.160 Thread 0x00000288e2bac4b0 Uncommon trap: trap_request=0xffffff45 fr.pc=0x00000288f228a034 relative=0x00000000000001b4
Event: 1.160 Thread 0x00000288e2bac4b0 Uncommon trap: reason=unstable_if action=reinterpret pc=0x00000288f228a034 method=java.lang.String.hashCode()I @ 20 c2
Event: 1.160 Thread 0x00000288e2bac4b0 DEOPT PACKING pc=0x00000288f228a034 sp=0x000000e1ecafafb0
Event: 1.160 Thread 0x00000288e2bac4b0 DEOPT UNPACKING pc=0x00000288f1b869a3 sp=0x000000e1ecafaf40 mode 2

Classes loaded (20 events):
Event: 1.082 Loading class java/net/URLDecoder
Event: 1.082 Loading class java/net/URLDecoder done
Event: 1.089 Loading class java/util/concurrent/CancellationException
Event: 1.089 Loading class java/util/concurrent/CancellationException done
Event: 1.089 Loading class java/util/concurrent/ExecutionException
Event: 1.089 Loading class java/util/concurrent/ExecutionException done
Event: 1.096 Loading class java/util/stream/SortedOps$RefSortingSink
Event: 1.096 Loading class java/util/stream/SortedOps$RefSortingSink done
Event: 1.111 Loading class java/util/function/BooleanSupplier
Event: 1.112 Loading class java/util/function/BooleanSupplier done
Event: 1.141 Loading class java/util/ArrayList$ListItr
Event: 1.141 Loading class java/util/ArrayList$ListItr done
Event: 1.157 Loading class java/time/format/DateTimeParseException
Event: 1.158 Loading class java/time/DateTimeException
Event: 1.158 Loading class java/time/DateTimeException done
Event: 1.158 Loading class java/time/format/DateTimeParseException done
Event: 1.170 Loading class java/lang/UnsatisfiedLinkError
Event: 1.170 Loading class java/lang/UnsatisfiedLinkError done
Event: 1.178 Loading class java/util/OptionalLong
Event: 1.178 Loading class java/util/OptionalLong done

Classes unloaded (0 events):
No events

Classes redefined (0 events):
No events

Internal exceptions (20 events):
Event: 0.966 Thread 0x00000288e2bac4b0 Exception <a 'java/lang/NoSuchMethodError'{0x00000000de7fd628}: 'java.lang.Object java.lang.invoke.DirectMethodHandle$Holder.newInvokeSpecial(java.lang.Object, java.lang.Object, java.lang.Object, java.lang.Object, java.lang.Object, java.lang.Object)'> (0x00000000de7fd628) 
thrown [s\src\hotspot\share\interpreter\linkResolver.cpp, line 759]
Event: 0.978 Thread 0x00000288e2bac4b0 Exception <a 'java/lang/NoSuchMethodError'{0x00000000dff4a750}: 'void java.lang.invoke.DirectMethodHandle$Holder.invokeInterface(java.lang.Object, java.lang.Object, java.lang.Object, java.lang.Object, java.lang.Object)'> (0x00000000dff4a750) 
thrown [s\src\hotspot\share\interpreter\linkResolver.cpp, line 759]
Event: 0.979 Thread 0x00000288e2bac4b0 Exception <a 'java/lang/IncompatibleClassChangeError'{0x00000000dff4e6c8}: Found class java.lang.Object, but interface was expected> (0x00000000dff4e6c8) 
thrown [s\src\hotspot\share\interpreter\linkResolver.cpp, line 826]
Event: 0.991 Thread 0x00000288e2bac4b0 Exception <a 'java/lang/IncompatibleClassChangeError'{0x00000000dfe0d6a0}: Found class java.lang.Object, but interface was expected> (0x00000000dfe0d6a0) 
thrown [s\src\hotspot\share\interpreter\linkResolver.cpp, line 826]
Event: 1.007 Thread 0x00000288e2bac4b0 Exception <a 'java/lang/NoSuchMethodError'{0x00000000dfed4310}: 'void java.lang.invoke.DirectMethodHandle$Holder.invokeSpecial(java.lang.Object, java.lang.Object, java.lang.Object, java.lang.Object, java.lang.Object)'> (0x00000000dfed4310) 
thrown [s\src\hotspot\share\interpreter\linkResolver.cpp, line 759]
Event: 1.027 Thread 0x00000288e2bac4b0 Exception <a 'java/lang/NoSuchMethodError'{0x00000000dfd4d3f8}: 'void java.lang.invoke.DirectMethodHandle$Holder.invokeInterface(java.lang.Object, java.lang.Object, java.lang.Object, java.lang.Object)'> (0x00000000dfd4d3f8) 
thrown [s\src\hotspot\share\interpreter\linkResolver.cpp, line 759]
Event: 1.027 Thread 0x00000288e2bac4b0 Exception <a 'java/lang/IncompatibleClassChangeError'{0x00000000dfd50fc8}: Found class java.lang.Object, but interface was expected> (0x00000000dfd50fc8) 
thrown [s\src\hotspot\share\interpreter\linkResolver.cpp, line 826]
Event: 1.031 Thread 0x00000288e2bac4b0 Exception <a 'java/lang/NoSuchMethodError'{0x00000000dfd68730}: 'void java.lang.invoke.DirectMethodHandle$Holder.invokeStatic(java.lang.Object, java.lang.Object, java.lang.Object, java.lang.Object)'> (0x00000000dfd68730) 
thrown [s\src\hotspot\share\interpreter\linkResolver.cpp, line 759]
Event: 1.045 Thread 0x00000288e2bac4b0 Exception <a 'java/lang/NoSuchMethodError'{0x00000000dfdd9f20}: 'int java.lang.invoke.DirectMethodHandle$Holder.invokeStatic(java.lang.Object, java.lang.Object, java.lang.Object, java.lang.Object)'> (0x00000000dfdd9f20) 
thrown [s\src\hotspot\share\interpreter\linkResolver.cpp, line 759]
Event: 1.046 Thread 0x00000288e2bac4b0 Exception <a 'java/lang/NoSuchMethodError'{0x00000000dfddd8a0}: 'java.lang.Object java.lang.invoke.Invokers$Holder.invokeExact_MT(java.lang.Object, java.lang.Object, java.lang.Object, java.lang.Object, java.lang.Object, java.lang.Object)'> (0x00000000dfddd8a0) 
thrown [s\src\hotspot\share\interpreter\linkResolver.cpp, line 759]
Event: 1.052 Thread 0x00000288e2bac4b0 Exception <a 'java/lang/NoSuchMethodError'{0x00000000dfdecf40}: 'int java.lang.invoke.DirectMethodHandle$Holder.invokeStatic(java.lang.Object, java.lang.Object, java.lang.Object, java.lang.Object, java.lang.Object)'> (0x00000000dfdecf40) 
thrown [s\src\hotspot\share\interpreter\linkResolver.cpp, line 759]
Event: 1.063 Thread 0x00000288e2bac4b0 Exception <a 'java/lang/NoSuchMethodError'{0x00000000dfc401e8}: 'void java.lang.invoke.DirectMethodHandle$Holder.invokeStaticInit(java.lang.Object)'> (0x00000000dfc401e8) 
thrown [s\src\hotspot\share\interpreter\linkResolver.cpp, line 759]
Event: 1.078 Thread 0x00000288e2bac4b0 Exception <a 'java/lang/NoSuchMethodError'{0x00000000dfb10c70}: 'void java.lang.invoke.DirectMethodHandle$Holder.invokeStaticInit(java.lang.Object, java.lang.Object, java.lang.Object, java.lang.Object)'> (0x00000000dfb10c70) 
thrown [s\src\hotspot\share\interpreter\linkResolver.cpp, line 759]
Event: 1.082 Thread 0x00000288e2bac4b0 Exception <a 'java/lang/NoSuchMethodError'{0x00000000dfb43248}: 'java.lang.Object java.lang.invoke.DirectMethodHandle$Holder.newInvokeSpecial(java.lang.Object, java.lang.Object, int)'> (0x00000000dfb43248) 
thrown [s\src\hotspot\share\interpreter\linkResolver.cpp, line 759]
Event: 1.091 Thread 0x00000288e2bac4b0 Exception <a 'java/lang/NoSuchMethodError'{0x00000000dfb867c8}: 'int java.lang.invoke.DirectMethodHandle$Holder.invokeStaticInit(java.lang.Object, java.lang.Object)'> (0x00000000dfb867c8) 
thrown [s\src\hotspot\share\interpreter\linkResolver.cpp, line 759]
Event: 1.123 Thread 0x00000288e2bac4b0 Exception <a 'java/lang/NoSuchMethodError'{0x00000000dfafb490}: 'void java.lang.invoke.DirectMethodHandle$Holder.invokeStatic(java.lang.Object, java.lang.Object)'> (0x00000000dfafb490) 
thrown [s\src\hotspot\share\interpreter\linkResolver.cpp, line 759]
Event: 1.133 Thread 0x00000288e2bac4b0 Exception <a 'java/lang/NoSuchMethodError'{0x00000000df950e70}: 'java.lang.Object java.lang.invoke.DirectMethodHandle$Holder.newInvokeSpecial(java.lang.Object, java.lang.Object, java.lang.Object, java.lang.Object, java.lang.Object, java.lang.Object, java.lang.Object)'> (0x00000000df950e70) 
thrown [s\src\hotspot\share\interpreter\linkResolver.cpp, line 759]
Event: 1.133 Thread 0x00000288e2bac4b0 Exception <a 'java/lang/NoSuchMethodError'{0x00000000df955a28}: 'java.lang.Object java.lang.invoke.Invokers$Holder.linkToTargetMethod(java.lang.Object, java.lang.Object, java.lang.Object, java.lang.Object, java.lang.Object, java.lang.Object, java.lang.Object)'> (0x00000000df955a28) 
thrown [s\src\hotspot\share\interpreter\linkResolver.cpp, line 759]
Event: 1.136 Thread 0x00000288e2bac4b0 Exception <a 'java/lang/NoSuchMethodError'{0x00000000df9682f0}: 'java.lang.Object java.lang.invoke.DirectMethodHandle$Holder.invokeInterface(java.lang.Object, java.lang.Object, java.lang.Object, java.lang.Object, java.lang.Object)'> (0x00000000df9682f0) 
thrown [s\src\hotspot\share\interpreter\linkResolver.cpp, line 759]
Event: 1.136 Thread 0x00000288e2bac4b0 Exception <a 'java/lang/IncompatibleClassChangeError'{0x00000000df96c0e8}: Found class java.lang.Object, but interface was expected> (0x00000000df96c0e8) 
thrown [s\src\hotspot\share\interpreter\linkResolver.cpp, line 826]

VM Operations (20 events):
Event: 0.455 Executing VM operation: HandshakeAllThreads
Event: 0.455 Executing VM operation: HandshakeAllThreads done
Event: 0.583 Executing VM operation: HandshakeAllThreads
Event: 0.583 Executing VM operation: HandshakeAllThreads done
Event: 0.687 Executing VM operation: HandshakeAllThreads
Event: 0.687 Executing VM operation: HandshakeAllThreads done
Event: 0.724 Executing VM operation: ICBufferFull
Event: 0.724 Executing VM operation: ICBufferFull done
Event: 0.736 Executing VM operation: HandshakeAllThreads
Event: 0.736 Executing VM operation: HandshakeAllThreads done
Event: 0.736 Executing VM operation: HandshakeAllThreads
Event: 0.736 Executing VM operation: HandshakeAllThreads done
Event: 0.788 Executing VM operation: HandshakeAllThreads
Event: 0.788 Executing VM operation: HandshakeAllThreads done
Event: 0.789 Executing VM operation: HandshakeAllThreads
Event: 0.789 Executing VM operation: HandshakeAllThreads done
Event: 0.966 Executing VM operation: G1CollectForAllocation
Event: 0.971 Executing VM operation: G1CollectForAllocation done
Event: 1.142 Executing VM operation: HandshakeAllThreads
Event: 1.142 Executing VM operation: HandshakeAllThreads done

Events (20 events):
Event: 0.039 Thread 0x00000288ffa7e520 Thread added: 0x00000288ffa7e520
Event: 0.039 Thread 0x00000288ffa7f0e0 Thread added: 0x00000288ffa7f0e0
Event: 0.048 Thread 0x00000288ffb7f910 Thread added: 0x00000288ffb7f910
Event: 0.048 Thread 0x00000288ffb822e0 Thread added: 0x00000288ffb822e0
Event: 0.048 Thread 0x00000288ffb82ca0 Thread added: 0x00000288ffb82ca0
Event: 0.049 Thread 0x00000288ffb83660 Thread added: 0x00000288ffb83660
Event: 0.049 Thread 0x00000288ffbbd230 Thread added: 0x00000288ffbbd230
Event: 0.049 Thread 0x00000288ffbbe500 Thread added: 0x00000288ffbbe500
Event: 0.049 Thread 0x00000288ffbc0030 Thread added: 0x00000288ffbc0030
Event: 0.083 Thread 0x00000288ffcd3850 Thread added: 0x00000288ffcd3850
Event: 0.096 Thread 0x00000288ffd07250 Thread added: 0x00000288ffd07250
Event: 0.101 Thread 0x00000288ffd09b50 Thread added: 0x00000288ffd09b50
Event: 0.437 Thread 0x00000288c545edb0 Thread added: 0x00000288c545edb0
Event: 0.463 Thread 0x00000288c548a2a0 Thread added: 0x00000288c548a2a0
Event: 0.527 Thread 0x00000288c54ba270 Thread added: 0x00000288c54ba270
Event: 0.566 Thread 0x00000288ffe1b960 Thread added: 0x00000288ffe1b960
Event: 0.709 Thread 0x00000288c56cce80 Thread added: 0x00000288c56cce80
Event: 0.709 Thread 0x00000288c5561380 Thread added: 0x00000288c5561380
Event: 0.752 Thread 0x00000288c55636a0 Thread added: 0x00000288c55636a0
Event: 1.051 Thread 0x00000288c55636a0 Thread exited: 0x00000288c55636a0


Dynamic libraries:
0x00007ff63c520000 - 0x00007ff63c52e000 	C:\Program Files\Eclipse Adoptium\jdk-17.0.12.7-hotspot\bin\java.exe
0x00007fff28640000 - 0x00007fff288a6000 	C:\WINDOWS\SYSTEM32\ntdll.dll
0x00007fff27530000 - 0x00007fff275f9000 	C:\WINDOWS\System32\KERNEL32.DLL
0x00007fff258d0000 - 0x00007fff25cca000 	C:\WINDOWS\System32\KERNELBASE.dll
0x00007fff261a0000 - 0x00007fff262ec000 	C:\WINDOWS\System32\ucrtbase.dll
0x00007fff20030000 - 0x00007fff20047000 	C:\Program Files\Eclipse Adoptium\jdk-17.0.12.7-hotspot\bin\jli.dll
0x00007fff20050000 - 0x00007fff2006b000 	C:\Program Files\Eclipse Adoptium\jdk-17.0.12.7-hotspot\bin\VCRUNTIME140.dll
0x00007fff27760000 - 0x00007fff27927000 	C:\WINDOWS\System32\USER32.dll
0x00007fff25e10000 - 0x00007fff25e37000 	C:\WINDOWS\System32\win32u.dll
0x00007fff09c30000 - 0x00007fff09ec2000 	C:\WINDOWS\WinSxS\amd64_microsoft.windows.common-controls_6595b64144ccf1df_6.0.26100.8521_none_3e08b75ce33403b3\COMCTL32.dll
0x00007fff27e30000 - 0x00007fff27e5b000 	C:\WINDOWS\System32\GDI32.dll
0x00007fff25ef0000 - 0x00007fff2601b000 	C:\WINDOWS\System32\gdi32full.dll
0x00007fff26570000 - 0x00007fff26619000 	C:\WINDOWS\System32\msvcrt.dll
0x00007fff25e40000 - 0x00007fff25ee3000 	C:\WINDOWS\System32\msvcp_win.dll
0x00007fff274f0000 - 0x00007fff27522000 	C:\WINDOWS\System32\IMM32.DLL
0x00007fff1ff40000 - 0x00007fff1ff4c000 	C:\Program Files\Eclipse Adoptium\jdk-17.0.12.7-hotspot\bin\vcruntime140_1.dll
0x00007fff0c050000 - 0x00007fff0c0dd000 	C:\Program Files\Eclipse Adoptium\jdk-17.0.12.7-hotspot\bin\msvcp140.dll
0x00007ffe85150000 - 0x00007ffe85dba000 	C:\Program Files\Eclipse Adoptium\jdk-17.0.12.7-hotspot\bin\server\jvm.dll
0x00007fff26620000 - 0x00007fff266d6000 	C:\WINDOWS\System32\ADVAPI32.dll
0x00007fff26d10000 - 0x00007fff26dba000 	C:\WINDOWS\System32\sechost.dll
0x00007fff27c70000 - 0x00007fff27d88000 	C:\WINDOWS\System32\RPCRT4.dll
0x00007fff26770000 - 0x00007fff267f0000 	C:\WINDOWS\System32\WS2_32.dll
0x00007fff244c0000 - 0x00007fff2451e000 	C:\WINDOWS\SYSTEM32\POWRPROF.dll
0x00007fff22230000 - 0x00007fff22266000 	C:\WINDOWS\SYSTEM32\WINMM.dll
0x00007fff1c600000 - 0x00007fff1c60b000 	C:\WINDOWS\SYSTEM32\VERSION.dll
0x00007fff244a0000 - 0x00007fff244b4000 	C:\WINDOWS\SYSTEM32\UMPDC.dll
0x00007fff24780000 - 0x00007fff2479b000 	C:\WINDOWS\SYSTEM32\kernel.appcore.dll
0x00007fff1ff10000 - 0x00007fff1ff1a000 	C:\Program Files\Eclipse Adoptium\jdk-17.0.12.7-hotspot\bin\jimage.dll
0x00007fff22f10000 - 0x00007fff23152000 	C:\WINDOWS\SYSTEM32\DBGHELP.DLL
0x00007fff27160000 - 0x00007fff274e3000 	C:\WINDOWS\System32\combase.dll
0x00007fff26410000 - 0x00007fff264e9000 	C:\WINDOWS\System32\OLEAUT32.dll
0x00007ffee2260000 - 0x00007ffee229b000 	C:\WINDOWS\SYSTEM32\dbgcore.DLL
0x00007fff25cd0000 - 0x00007fff25d78000 	C:\WINDOWS\System32\bcryptPrimitives.dll
0x00007fff1fe40000 - 0x00007fff1fe65000 	C:\Program Files\Eclipse Adoptium\jdk-17.0.12.7-hotspot\bin\java.dll
0x00007fff0b2f0000 - 0x00007fff0b3c7000 	C:\Program Files\Eclipse Adoptium\jdk-17.0.12.7-hotspot\bin\jsvml.dll
0x00007fff27e70000 - 0x00007fff285f4000 	C:\WINDOWS\System32\SHELL32.dll
0x00007fff234b0000 - 0x00007fff23d30000 	C:\WINDOWS\SYSTEM32\windows.storage.dll
0x00007fff27960000 - 0x00007fff27a56000 	C:\WINDOWS\System32\SHCORE.dll
0x00007fff26ca0000 - 0x00007fff26d07000 	C:\WINDOWS\System32\shlwapi.dll
0x00007fff257f0000 - 0x00007fff25819000 	C:\WINDOWS\SYSTEM32\profapi.dll
0x00007fff1dbc0000 - 0x00007fff1dbd9000 	C:\Program Files\Eclipse Adoptium\jdk-17.0.12.7-hotspot\bin\net.dll
0x00007fff1f310000 - 0x00007fff1f439000 	C:\WINDOWS\SYSTEM32\WINHTTP.dll
0x00007fff24cf0000 - 0x00007fff24d5c000 	C:\WINDOWS\system32\mswsock.dll
0x00007fff1d8b0000 - 0x00007fff1d8c6000 	C:\Program Files\Eclipse Adoptium\jdk-17.0.12.7-hotspot\bin\nio.dll
0x00007fff1c5e0000 - 0x00007fff1c5f8000 	C:\Program Files\Eclipse Adoptium\jdk-17.0.12.7-hotspot\bin\zip.dll
0x00007fff1ff00000 - 0x00007fff1ff10000 	C:\Program Files\Eclipse Adoptium\jdk-17.0.12.7-hotspot\bin\verify.dll
0x00007fff14130000 - 0x00007fff14139000 	C:\Program Files\Eclipse Adoptium\jdk-17.0.12.7-hotspot\bin\extnet.dll
0x00007fff0d8a0000 - 0x00007fff0d8ae000 	C:\Program Files\Eclipse Adoptium\jdk-17.0.12.7-hotspot\bin\sunmscapi.dll
0x00007fff26020000 - 0x00007fff26198000 	C:\WINDOWS\System32\CRYPT32.dll
0x00007fff251f0000 - 0x00007fff25220000 	C:\WINDOWS\SYSTEM32\ncrypt.dll
0x00007fff251a0000 - 0x00007fff251df000 	C:\WINDOWS\SYSTEM32\NTASN1.dll
0x00007ffefb410000 - 0x00007ffefb418000 	C:\WINDOWS\system32\wshunix.dll
0x00007fff24fd0000 - 0x00007fff24feb000 	C:\WINDOWS\SYSTEM32\CRYPTSP.dll
0x00007fff246e0000 - 0x00007fff24719000 	C:\WINDOWS\system32\rsaenh.dll
0x00007fff24da0000 - 0x00007fff24dd3000 	C:\WINDOWS\SYSTEM32\USERENV.dll
0x00007fff257c0000 - 0x00007fff257ea000 	C:\WINDOWS\SYSTEM32\bcrypt.dll
0x00007fff24ff0000 - 0x00007fff24ffc000 	C:\WINDOWS\SYSTEM32\CRYPTBASE.dll
0x00007fff24120000 - 0x00007fff24153000 	C:\WINDOWS\SYSTEM32\IPHLPAPI.DLL
0x00007fff27d90000 - 0x00007fff27d9a000 	C:\WINDOWS\System32\NSI.dll
0x00007fff1f4f0000 - 0x00007fff1f50d000 	C:\WINDOWS\SYSTEM32\dhcpcsvc6.DLL
0x00007fff1f4a0000 - 0x00007fff1f4c5000 	C:\WINDOWS\SYSTEM32\dhcpcsvc.DLL
0x00007fff241c0000 - 0x00007fff2430a000 	C:\WINDOWS\SYSTEM32\DNSAPI.dll
0x00007fff24b10000 - 0x00007fff24b1d000 	C:\WINDOWS\SYSTEM32\DSPARSE.dll
0x00007ffe482b0000 - 0x00007ffe482ec000 	C:\Users\6390\Documents\GitHub\FRC-Athena\athena-core\build\wpilib-test-natives\windows\x86-64\shared\ntcorejni.dll
0x00007ffe23b20000 - 0x00007ffe23c88000 	C:\Users\6390\Documents\GitHub\FRC-Athena\athena-core\build\wpilib-test-natives\windows\x86-64\shared\ntcore.dll
0x00007ffe20f10000 - 0x00007ffe21260000 	C:\Users\6390\Documents\GitHub\FRC-Athena\athena-core\build\wpilib-test-natives\windows\x86-64\shared\wpiutil.dll
0x00007ffe20b50000 - 0x00007ffe20f0c000 	C:\Users\6390\Documents\GitHub\FRC-Athena\athena-core\build\wpilib-test-natives\windows\x86-64\shared\wpinet.dll

dbghelp: loaded successfully - version: 4.0.5 - missing functions: none
symbol engine: initialized successfully - sym options: 0x614 - pdb path: .;C:\Program Files\Eclipse Adoptium\jdk-17.0.12.7-hotspot\bin;C:\WINDOWS\SYSTEM32;C:\WINDOWS\WinSxS\amd64_microsoft.windows.common-controls_6595b64144ccf1df_6.0.26100.8521_none_3e08b75ce33403b3;C:\Program Files\Eclipse Adoptium\jdk-17.0.12.7-hotspot\bin\server;C:\Users\6390\Documents\GitHub\FRC-Athena\athena-core\build\wpilib-test-natives\windows\x86-64\shared

VM Arguments:
jvm_args: -Djava.library.path=C:\Users\6390\Documents\GitHub\FRC-Athena\athena-core\build\wpilib-test-natives\windows\x86-64\shared -Dorg.gradle.internal.worker.tmpdir=C:\Users\6390\Documents\GitHub\FRC-Athena\athena-core\build\tmp\test\work --add-opens=java.base/java.lang=ALL-UNNAMED -Xms512m -Xmx1g -Dfile.encoding=windows-1252 -Duser.country=US -Duser.language=en -Duser.variant -ea 
java_command: worker.org.gradle.process.internal.worker.GradleWorkerMain 'Gradle Test Executor 2'
java_class_path (initial): C:\\Users\\6390\\.gradle\\caches\\8.11\\workerMain\\gradle-worker.jar;C:\\Users\\6390\\Documents\\GitHub\\FRC-Athena\\athena-core\\build\\classes\\java\\test;C:\\Users\\6390\\Documents\\GitHub\\FRC-Athena\\athena-core\\build\\classes\\java\\main;C:\\Users\\6390\\Documents\\GitHub\\FRC-Athena\\athena-core\\build\\resources\\main;C:\\Users\\6390\\Documents\\GitHub\\FRC-Athena\\athena-arcp\\java\\build\\libs\\athena-arcp-java-2026.2.46.jar;C:\\Users\\6390\\.gradle\\caches\\modules-2\\files-2.1\\edu.wpi.first.wpilibj\\wpilibj-java\\2026.2.1\\35b21b82f0370e46cdd439113003f272dd2e4a73\\wpilibj-java-2026.2.1.jar;C:\\Users\\6390\\.gradle\\caches\\modules-2\\files-2.1\\edu.wpi.first.wpimath\\wpimath-java\\2026.2.1\\1cb0b0bfdbe7c6bd8b3a811b7ac17676304f79a5\\wpimath-java-2026.2.1.jar;C:\\Users\\6390\\.gradle\\caches\\modules-2\\files-2.1\\edu.wpi.first.apriltag\\apriltag-java\\2026.2.1\\ea1279d53ee160f60419b03da3d34aefc0a75bb\\apriltag-java-2026.2.1.jar;C:\\Users\\6390\\.gradle\\caches\\modules-2\\files-2.1\\edu.wpi.first.cscore\\cscore-java\\2026.2.1\\b6e55e30152b83c8e9899fd5b918a54aa35c0c19\\cscore-java-2026.2.1.jar;C:\\Users\\6390\\.gradle\\caches\\modules-2\\files-2.1\\edu.wpi.first.ntcore\\ntcore-java\\2026.2.1\\e025e802b616c6fe5ab6903fc6cd1682643c3b5e\\ntcore-java-2026.2.1.jar;C:\\Users\\6390\\.gradle\\caches\\modules-2\\files-2.1\\edu.wpi.first.wpiutil\\wpiutil-java\\2026.2.1\\f20abd018c263374eba8f3daf531d667ffe4f1b3\\wpiutil-java-2026.2.1.jar;C:\\Users\\6390\\.gradle\\caches\\modules-2\\files-2.1\\edu.wpi.first.hal\\hal-java\\2026.2.1\\fa3752f55ee01a6f906d675f03f05b09e4022a09\\hal-java-2026.2.1.jar;C:\\Users\\6390\\.gradle\\caches\\modules-2\\files-2.1\\edu.wpi.first.cameraserver\\cameraserver-java\\2026.2.1\\9876b162e6aa0cea857bb6c0ab19f8883dae713d\\cameraserver-java-2026.2.1.jar;C:\\Users\\6390\\.gradle\\caches\\modules-2\\files-2.1\\edu.wpi.first.wpilibNewCommands\\wpilibNewCommands-java\\2026.2.1\\a612997fb8efded0ed1e65257df373e1506f751d
Launcher Type: SUN_STANDARD

[Global flags]
     intx CICompilerCount                          = 12                                        {product} {ergonomic}
     uint ConcGCThreads                            = 4                                         {product} {ergonomic}
     uint G1ConcRefinementThreads                  = 16                                        {product} {ergonomic}
   size_t G1HeapRegionSize                         = 1048576                                   {product} {ergonomic}
    uintx GCDrainStackTargetSize                   = 64                                        {product} {ergonomic}
   size_t InitialHeapSize                          = 536870912                                 {product} {command line}
   size_t MarkStackSize                            = 4194304                                   {product} {ergonomic}
   size_t MaxHeapSize                              = 1073741824                                {product} {command line}
   size_t MaxNewSize                               = 643825664                                 {product} {ergonomic}
   size_t MinHeapDeltaBytes                        = 1048576                                   {product} {ergonomic}
   size_t MinHeapSize                              = 536870912                                 {product} {command line}
    uintx NonNMethodCodeHeapSize                   = 7602480                                {pd product} {ergonomic}
    uintx NonProfiledCodeHeapSize                  = 122027880                              {pd product} {ergonomic}
    uintx ProfiledCodeHeapSize                     = 122027880                              {pd product} {ergonomic}
    uintx ReservedCodeCacheSize                    = 251658240                              {pd product} {ergonomic}
     bool SegmentedCodeCache                       = true                                      {product} {ergonomic}
   size_t SoftMaxHeapSize                          = 1073741824                             {manageable} {ergonomic}
     bool UseCompressedClassPointers               = true                           {product lp64_product} {ergonomic}
     bool UseCompressedOops                        = true                           {product lp64_product} {ergonomic}
     bool UseG1GC                                  = true                                      {product} {ergonomic}
     bool UseLargePagesIndividualAllocation        = false                                  {pd product} {ergonomic}

Logging:
Log output configuration:
 #0: stdout all=warning uptime,level,tags
 #1: stderr all=off uptime,level,tags

Environment Variables:
JAVA_HOME=C:\Program Files\Eclipse Adoptium\jdk-17.0.12.7-hotspot\
CLASSPATH=C:\Users\6390\Documents\GitHub\FRC-Athena\\gradle\wrapper\gradle-wrapper.jar
PATH=C:\Users\6390\Documents\GitHub\FRC-Athena\athena-core\build\wpilib-test-natives\windows\x86-64\shared;c:\Users\6390\AppData\Roaming\Code\User\globalStorage\github.copilot-chat\debugCommand;c:\Users\6390\AppData\Roaming\Code\User\globalStorage\github.copilot-chat\copilotCli;C:\Program Files\Eclipse Adoptium\jdk-25.0.2.10-hotspot\bin;C:\Program Files\National Instruments\Shared\OpenVINO\;C:\Program Files\Eclipse Adoptium\jdk-21.0.6.7-hotspot\bin;C:\Program Files\Eclipse Adoptium\jdk-17.0.12.7-hotspot\bin;C:\WINDOWS\system32;C:\WINDOWS;C:\WINDOWS\System32\Wbem;C:\WINDOWS\System32\WindowsPowerShell\v1.0\;C:\WINDOWS\System32\OpenSSH\;C:\Program Files (x86)\NVIDIA Corporation\PhysX\Common;C:\Program Files\NVIDIA Corporation\NVIDIA NvDLISR;C:\Program Files\Git\cmd;C:\Program Files\dotnet\;C:\Program Files (x86)\Windows Kits\10\Windows Performance Toolkit\;C:\Program Files\Docker\Docker\resources\bin;C:\Users\6390\.cargo\bin;C:\Users\6390\AppData\Local\Microsoft\WindowsApps;C:\Users\6390\AppData\Local\GitHubDesktop\bin;C:\Users\6390\AppData\Local\Programs\Microsoft VS Code\bin;C:\Program Files (x86)\Nmap;;C:\Users\6390\.bun\bin;c:\Users\6390\.vscode\extensions\vscjava.vscode-java-debug-0.59.0\bundled\scripts\noConfigScripts
USERNAME=6390
LANG=en_US.UTF-8
OS=Windows_NT
PROCESSOR_IDENTIFIER=Intel64 Family 6 Model 170 Stepping 4, GenuineIntel
TMP=C:\Users\6390\AppData\Local\Temp
TEMP=C:\Users\6390\AppData\Local\Temp



Periodic native trim disabled


---------------  S Y S T E M  ---------------

OS:
 Windows 11 , 64 bit Build 26100 (10.0.26100.8521)
OS uptime: 0 days 4:03 hours
Hyper-V role detected

CPU: total 22 (initial active 22) (11 cores per cpu, 2 threads per core) family 6 model 170 stepping 4 microcode 0x28, cx8, cmov, fxsr, ht, mmx, 3dnowpref, sse, sse2, sse3, ssse3, sse4.1, sse4.2, popcnt, lzcnt, tsc, tscinvbit, avx, avx2, aes, erms, clmul, bmi1, bmi2, adx, sha, fma, vzeroupper, clflush, clflushopt, clwb, hv
Processor Information for processor 0
  Max Mhz: 1400, Current Mhz: 1400, Mhz Limit: 1400
Processor Information for processor 1
  Max Mhz: 1400, Current Mhz: 1400, Mhz Limit: 1400
Processor Information for processor 2
  Max Mhz: 900, Current Mhz: 900, Mhz Limit: 900
Processor Information for processor 3
  Max Mhz: 900, Current Mhz: 900, Mhz Limit: 900
Processor Information for processor 4
  Max Mhz: 900, Current Mhz: 900, Mhz Limit: 900
Processor Information for processor 5
  Max Mhz: 900, Current Mhz: 900, Mhz Limit: 900
Processor Information for processor 6
  Max Mhz: 900, Current Mhz: 900, Mhz Limit: 900
Processor Information for processor 7
  Max Mhz: 900, Current Mhz: 900, Mhz Limit: 900
Processor Information for processor 8
  Max Mhz: 900, Current Mhz: 900, Mhz Limit: 900
Processor Information for processor 9
  Max Mhz: 900, Current Mhz: 900, Mhz Limit: 900
Processor Information for processor 10
  Max Mhz: 1400, Current Mhz: 1400, Mhz Limit: 1400
Processor Information for processor 11
  Max Mhz: 1400, Current Mhz: 1400, Mhz Limit: 1400
Processor Information for processor 12
  Max Mhz: 1400, Current Mhz: 1400, Mhz Limit: 1400
Processor Information for processor 13
  Max Mhz: 1400, Current Mhz: 1400, Mhz Limit: 1400
Processor Information for processor 14
  Max Mhz: 1400, Current Mhz: 1400, Mhz Limit: 1400
Processor Information for processor 15
  Max Mhz: 1400, Current Mhz: 1400, Mhz Limit: 1400
Processor Information for processor 16
  Max Mhz: 1400, Current Mhz: 1400, Mhz Limit: 1400
Processor Information for processor 17
  Max Mhz: 1400, Current Mhz: 1400, Mhz Limit: 1400
Processor Information for processor 18
  Max Mhz: 1400, Current Mhz: 1400, Mhz Limit: 1400
Processor Information for processor 19
  Max Mhz: 1400, Current Mhz: 1400, Mhz Limit: 1400
Processor Information for processor 20
  Max Mhz: 700, Current Mhz: 700, Mhz Limit: 700
Processor Information for processor 21
  Max Mhz: 700, Current Mhz: 700, Mhz Limit: 700

Memory: 4k page, system-wide physical 15892M (1255M free)
TotalPageFile size 35348M (AvailPageFile size 6077M)
current process WorkingSet (physical memory assigned to process): 102M, peak: 102M
current process commit charge ("private bytes"): 658M, peak: 658M

vm_info: OpenJDK 64-Bit Server VM (17.0.12+7) for windows-amd64 JRE (17.0.12+7), built on Jul 16 2024 22:08:24 by "admin" with MS VC++ 16.10 / 16.11 (VS2019)

END.
